tile_id,mae_lr,mae_sr,mae_gt_raster,refused_lr,refused_sr,refused_gt_raster,gt_forest,gt_agriculture,gt_urban,gt_water,gt_bare_soil,lr_forest,sr_forest,lr_agriculture,sr_agriculture,lr_urban,sr_urban,lr_water,sr_water,lr_bare_soil,sr_bare_soil,mae_lr_forest,mae_sr_forest,mae_lr_agriculture,mae_sr_agriculture,mae_lr_urban,mae_sr_urban,mae_lr_water,mae_sr_water,mae_lr_bare_soil,mae_sr_bare_soil
tile_0000,31.0,35.0,27.0,False,False,False,0.0,100.0,0.0,0.0,0.0,50.0,60.0,25.0,20.0,5.0,5.0,5.0,25.0,20.0,5.0,50.0,60.0,75.0,80.0,5.0,5.0,5.0,25.0,20.0,5.0
tile_0001,28.424,26.824,20.824,False,False,False,27.94,72.06,0.0,0.0,0.0,50.0,60.0,0.0,5.0,0.0,5.0,20.0,20.0,28.0,10.0,22.06,32.06,72.06,67.06,0.0,5.0,20.0,20.0,28.0,10.0
tile_0002,16.924,17.924,12.924000000000001,False,False,False,37.69,62.31,0.0,0.0,0.0,50.0,50.0,25.0,20.0,5.0,5.0,5.0,25.0,25.0,5.0,12.310000000000002,12.310000000000002,37.31,42.31,5.0,5.0,5.0,25.0,25.0,5.0
tile_0003,31.0,27.0,27.0,False,False,False,0.0,100.0,0.0,0.0,0.0,50.0,50.0,25.0,30.0,5.0,5.0,5.0,5.0,20.0,5.0,50.0,50.0,75.0,70.0,5.0,5.0,5.0,5.0,20.0,5.0
tile_0004,32.0,20.0,20.0,False,False,False,0.0,100.0,0.0,0.0,0.0,40.0,20.0,20.0,50.0,5.0,0.0,10.0,10.0,25.0,20.0,40.0,20.0,80.0,50.0,5.0,0.0,10.0,10.0,25.0,20.0
tile_0005,26.0,26.0,20.0,False,False,False,0.0,100.0,0.0,0.0,0.0,40.0,20.0,30.0,40.0,5.0,10.0,10.0,20.0,5.0,20.0,40.0,20.0,70.0,60.0,5.0,10.0,10.0,20.0,5.0,20.0
tile_0006,40.0,27.0,18.0,False,False,False,0.0,100.0,0.0,0.0,0.0,50.0,50.0,0.0,30.0,0.0,5.0,0.0,5.0,50.0,5.0,50.0,50.0,100.0,70.0,0.0,5.0,0.0,5.0,50.0,5.0
tile_0007,36.0,32.0,,False,False,True,0.0,100.0,0.0,0.0,0.0,20.0,10.0,10.0,20.0,30.0,40.0,10.0,10.0,30.0,20.0,20.0,10.0,90.0,80.0,30.0,40.0,10.0,10.0,30.0,20.0
tile_0008,38.0,36.0,,False,False,True,0.0,100.0,0.0,0.0,0.0,20.0,10.0,10.0,10.0,60.0,60.0,10.0,10.0,10.0,10.0,20.0,10.0,90.0,90.0,60.0,60.0,10.0,10.0,10.0,10.0
tile_0009,33.12,27.119999999999997,,False,False,True,4.7,95.3,0.0,0.0,0.0,45.0,45.0,10.0,25.0,10.0,15.0,10.0,5.0,20.0,5.0,40.3,40.3,85.3,70.3,10.0,15.0,10.0,5.0,20.0,5.0
tile_0010,20.0,14.0,11.999999999999998,False,False,False,22.29,77.71,0.0,0.0,0.0,20.0,20.0,30.0,50.0,10.0,20.0,10.0,10.0,30.0,10.0,2.289999999999999,2.289999999999999,47.709999999999994,27.709999999999994,10.0,20.0,10.0,10.0,30.0,10.0
tile_0011,20.0,20.0,20.0,False,False,False,0.0,0.0,0.0,0.0,0.0,20.0,30.0,50.0,50.0,0.0,0.0,10.0,10.0,20.0,10.0,20.0,30.0,50.0,50.0,0.0,0.0,10.0,10.0,20.0,10.0
tile_0012,20.8,20.0,18.0,False,False,False,0.0,0.0,0.0,0.0,0.0,20.0,20.0,10.0,50.0,0.0,0.0,10.0,10.0,64.0,20.0,20.0,20.0,10.0,50.0,0.0,0.0,10.0,10.0,64.0,20.0
tile_0013,18.0,20.0,19.8,False,False,False,0.0,0.0,0.0,0.0,0.0,20.0,20.0,50.0,60.0,0.0,0.0,0.0,0.0,20.0,20.0,20.0,20.0,50.0,60.0,0.0,0.0,0.0,0.0,20.0,20.0
tile_0014,32.0,18.0,10.6,False,False,False,0.0,100.0,0.0,0.0,0.0,50.0,20.0,20.0,50.0,5.0,0.0,5.0,0.0,20.0,20.0,50.0,20.0,80.0,50.0,5.0,0.0,5.0,0.0,20.0,20.0
tile_0015,17.024,19.024,19.024,False,False,False,2.44,97.56,0.0,0.0,0.0,20.0,20.0,60.0,50.0,5.0,0.0,10.0,25.0,15.0,5.0,17.56,17.56,37.56,47.56,5.0,0.0,10.0,25.0,15.0,5.0
tile_0016,27.72,13.719999999999999,15.719999999999999,False,False,False,10.7,89.3,0.0,0.0,0.0,40.0,20.0,20.0,50.0,5.0,0.0,10.0,0.0,25.0,20.0,29.3,9.3,69.3,39.3,5.0,0.0,10.0,0.0,25.0,20.0
tile_0017,19.6,20.0,19.8,False,False,False,0.0,0.0,0.0,0.0,0.0,20.0,20.0,50.0,60.0,0.0,0.0,0.0,0.0,28.0,20.0,20.0,20.0,50.0,60.0,0.0,0.0,0.0,0.0,28.0,20.0
tile_0018,14.524000000000001,22.524,14.524000000000001,False,False,False,43.69,56.31,0.0,0.0,0.0,50.0,65.0,20.0,0.0,5.0,0.0,5.0,20.0,20.0,15.0,6.310000000000002,21.310000000000002,36.31,56.31,5.0,0.0,5.0,20.0,20.0,15.0
tile_0019,10.0,10.0,9.704000000000002,False,False,False,76.76,23.24,0.0,0.0,0.0,75.0,60.0,0.0,20.0,0.0,5.0,0.0,10.0,25.0,15.0,1.7600000000000051,16.760000000000005,23.24,3.2399999999999984,0.0,5.0,0.0,10.0,25.0,15.0
tile_0020,26.784,30.784,24.784,False,False,False,23.04,76.96,0.0,0.0,0.0,50.0,60.0,10.0,0.0,5.0,0.0,10.0,20.0,25.0,20.0,26.96,36.96,66.96,76.96,5.0,0.0,10.0,20.0,25.0,20.0
tile_0021,40.0,40.0,40.0,False,False,False,0.0,100.0,0.0,0.0,0.0,50.0,60.0,0.0,0.0,0.0,0.0,0.0,0.0,50.0,40.0,50.0,60.0,100.0,100.0,0.0,0.0,0.0,0.0,50.0,40.0
tile_0022,26.0,26.0,26.0,False,False,False,0.0,100.0,0.0,0.0,0.0,40.0,40.0,30.0,30.0,5.0,5.0,10.0,10.0,5.0,5.0,40.0,40.0,70.0,70.0,5.0,5.0,10.0,10.0,5.0,5.0
tile_0023,28.0,20.0,22.0,False,False,False,0.0,100.0,0.0,0.0,0.0,40.0,20.0,20.0,50.0,5.0,0.0,10.0,25.0,5.0,5.0,40.0,20.0,80.0,50.0,5.0,0.0,10.0,25.0,5.0,5.0
tile_0024,12.772000000000002,15.772000000000002,12.772000000000002,False,False,False,33.07,66.93,0.0,0.0,0.0,40.0,45.0,30.0,20.0,5.0,10.0,10.0,5.0,5.0,5.0,6.93,11.93,36.93000000000001,46.93000000000001,5.0,10.0,10.0,5.0,5.0,5.0
tile_0025,36.0,,29.0,False,True,False,0.0,100.0,0.0,0.0,0.0,20.0,,10.0,,30.0,,10.0,,30.0,,20.0,,90.0,,30.0,,10.0,,30.0,
tile_0026,38.0,,,False,True,True,0.0,100.0,0.0,0.0,0.0,10.0,,10.0,,60.0,,10.0,,20.0,,10.0,,90.0,,60.0,,10.0,,20.0,
tile_0027,18.363999999999997,16.363999999999997,,False,False,True,26.59,73.41,0.0,0.0,0.0,45.0,45.0,20.0,30.0,10.0,10.0,5.0,5.0,5.0,5.0,18.41,18.41,53.41,43.41,10.0,10.0,5.0,5.0,5.0,5.0
tile_0028,28.0,,30.0,False,True,False,55.54,44.46,0.0,0.0,0.0,10.0,,20.0,,50.0,,10.0,,10.0,,45.54,,24.46,,50.0,,10.0,,10.0,
tile_0029,29.344,12.344,11.344,False,False,False,19.14,80.86,0.0,0.0,0.0,20.0,20.0,10.0,50.0,10.0,20.0,10.0,5.0,55.0,5.0,0.8599999999999994,0.8599999999999994,70.86,30.86,10.0,20.0,10.0,5.0,55.0,5.0
tile_0030,27.784,24.784,19.784,False,False,False,0.54,99.46,0.0,0.0,0.0,20.0,40.0,30.0,30.0,5.0,5.0,10.0,5.0,35.0,5.0,19.46,39.46,69.46,69.46,5.0,5.0,10.0,5.0,35.0,5.0
tile_0031,19.436,12.0,10.0,False,False,False,31.41,68.59,0.0,0.0,0.0,40.0,20.0,20.0,50.0,5.0,0.0,10.0,10.0,25.0,20.0,8.59,11.41,48.59,18.590000000000003,5.0,0.0,10.0,10.0,25.0,20.0
tile_0032,26.604000000000003,25.604000000000003,23.604000000000003,False,False,False,0.99,99.01,0.0,0.0,0.0,50.0,40.0,30.0,30.0,5.0,5.0,5.0,10.0,5.0,5.0,49.01,39.01,69.01,69.01,5.0,5.0,5.0,10.0,5.0,5.0
tile_0033,17.308,19.308,17.308,False,False,False,6.73,93.27,0.0,0.0,0.0,30.0,30.0,50.0,50.0,0.0,10.0,0.0,10.0,20.0,10.0,23.27,23.27,43.269999999999996,43.269999999999996,0.0,10.0,0.0,10.0,20.0,10.0
tile_0034,27.288,20.288,19.288,False,False,False,1.78,98.22,0.0,0.0,0.0,40.0,20.0,20.0,50.0,5.0,5.0,10.0,25.0,5.0,5.0,38.22,18.22,78.22,48.22,5.0,5.0,10.0,25.0,5.0,5.0
tile_0035,32.0,20.0,19.8,False,False,False,0.0,100.0,0.0,0.0,0.0,40.0,20.0,20.0,50.0,5.0,0.0,10.0,25.0,25.0,5.0,40.0,20.0,80.0,50.0,5.0,0.0,10.0,25.0,25.0,5.0
tile_0036,10.48,10.48,10.48,False,False,False,73.8,26.2,0.0,0.0,0.0,75.0,75.0,0.0,0.0,0.0,0.0,0.0,15.0,25.0,10.0,1.2000000000000028,1.2000000000000028,26.2,26.2,0.0,0.0,0.0,15.0,25.0,10.0
tile_0037,27.095999999999997,26.695999999999998,27.095999999999997,False,False,False,32.26,67.74,0.0,0.0,0.0,50.0,75.0,0.0,0.0,0.0,0.0,0.0,17.0,50.0,6.0,17.740000000000002,42.74,67.74,67.74,0.0,0.0,0.0,17.0,50.0,6.0
tile_0038,32.0,34.0,36.0,False,False,False,0.0,100.0,0.0,0.0,0.0,50.0,60.0,20.0,20.0,5.0,5.0,5.0,10.0,20.0,15.0,50.0,60.0,80.0,80.0,5.0,5.0,5.0,10.0,20.0,15.0
tile_0039,28.0,40.0,32.0,False,False,False,0.0,100.0,0.0,0.0,0.0,50.0,50.0,30.0,0.0,5.0,0.0,10.0,25.0,5.0,25.0,50.0,50.0,70.0,100.0,5.0,0.0,10.0,25.0,5.0,25.0
tile_0040,40.0,20.0,19.6,False,False,False,0.0,100.0,0.0,0.0,0.0,75.0,30.0,0.0,50.0,0.0,0.0,0.0,0.0,25.0,20.0,75.0,30.0,100.0,50.0,0.0,0.0,0.0,0.0,25.0,20.0
tile_0041,32.0,16.0,16.0,False,False,False,0.0,100.0,0.0,0.0,0.0,50.0,20.0,20.0,60.0,5.0,0.0,5.0,0.0,20.0,20.0,50.0,20.0,80.0,40.0,5.0,0.0,5.0,0.0,20.0,20.0
tile_0042,31.556,22.556,22.556,False,False,False,6.11,93.89,0.0,0.0,0.0,50.0,40.0,20.0,30.0,5.0,5.0,10.0,5.0,25.0,5.0,43.89,33.89,73.89,63.89,5.0,5.0,10.0,5.0,25.0,5.0
tile_0043,36.0,30.0,,False,False,True,0.0,100.0,0.0,0.0,0.0,20.0,10.0,10.0,20.0,30.0,40.0,10.0,10.0,30.0,10.0,20.0,10.0,90.0,80.0,30.0,40.0,10.0,10.0,30.0,10.0
tile_0044,28.948,,,False,True,True,0.13,99.87,0.0,0.0,0.0,10.0,,20.0,,40.0,,5.0,,10.0,,9.87,,79.87,,40.0,,5.0,,10.0,
tile_0045,15.0,17.0,17.0,False,False,False,50.42,49.58,0.0,0.0,0.0,45.0,45.0,10.0,10.0,5.0,10.0,20.0,10.0,5.0,20.0,5.420000000000002,5.420000000000002,39.58,39.58,5.0,10.0,20.0,10.0,5.0,20.0
tile_0046,20.0,20.0,,False,False,True,0.0,0.0,0.0,0.0,0.0,10.0,10.0,20.0,10.0,50.0,60.0,10.0,10.0,10.0,10.0,10.0,10.0,20.0,10.0,50.0,60.0,10.0,10.0,10.0,10.0
tile_0047,34.412,,,False,True,True,8.97,91.03,0.0,0.0,0.0,20.0,,10.0,,60.0,,10.0,,10.0,,11.03,,81.03,,60.0,,10.0,,10.0,
tile_0048,13.0,26.0,28.0,False,False,False,24.18,75.82,0.0,0.0,0.0,20.0,20.0,50.0,10.0,25.0,30.0,5.0,10.0,5.0,20.0,4.18,4.18,25.819999999999993,65.82,25.0,30.0,5.0,10.0,5.0,20.0
tile_0049,25.788,17.788,20.0,False,False,False,35.53,64.47,0.0,0.0,0.0,50.0,40.0,0.0,20.0,0.0,10.0,0.0,5.0,50.0,25.0,14.469999999999999,4.469999999999999,64.47,44.47,0.0,10.0,0.0,5.0,50.0,25.0
tile_0050,18.0,28.0,20.0,False,False,False,0.0,100.0,0.0,0.0,0.0,20.0,30.0,50.0,30.0,0.0,10.0,0.0,10.0,20.0,20.0,20.0,30.0,50.0,70.0,0.0,10.0,0.0,10.0,20.0,20.0
tile_0051,31.0,28.0,22.0,False,False,False,0.0,100.0,0.0,0.0,0.0,40.0,30.0,20.0,30.0,5.0,0.0,20.0,10.0,10.0,30.0,40.0,30.0,80.0,70.0,5.0,0.0,20.0,10.0,10.0,30.0
tile_0052,22.0,18.0,19.0,False,False,False,0.0,100.0,0.0,0.0,0.0,30.0,20.0,50.0,60.0,10.0,10.0,10.0,5.0,10.0,15.0,30.0,20.0,50.0,40.0,10.0,10.0,10.0,5.0,10.0,15.0
tile_0053,20.0,20.0,,False,False,True,0.0,0.0,0.0,0.0,0.0,40.0,20.0,20.0,60.0,10.0,0.0,5.0,10.0,25.0,10.0,40.0,20.0,20.0,60.0,10.0,0.0,5.0,10.0,25.0,10.0
tile_0054,23.244,29.244,22.244,False,False,False,26.89,73.11,0.0,0.0,0.0,50.0,75.0,20.0,0.0,5.0,0.0,10.0,15.0,25.0,10.0,23.11,48.11,53.11,73.11,5.0,0.0,10.0,15.0,25.0,10.0
tile_0055,40.0,40.0,33.0,False,False,False,0.0,100.0,0.0,0.0,0.0,75.0,75.0,0.0,0.0,0.0,0.0,0.0,15.0,25.0,10.0,75.0,75.0,100.0,100.0,0.0,0.0,0.0,15.0,25.0,10.0
tile_0056,20.464,20.464,20.464,False,False,False,48.84,51.16,0.0,0.0,0.0,50.0,50.0,0.0,0.0,0.0,0.0,0.0,25.0,50.0,25.0,1.1599999999999966,1.1599999999999966,51.16,51.16,0.0,0.0,0.0,25.0,50.0,25.0
tile_0057,19.6,20.0,20.0,False,False,False,77.79,22.21,0.0,0.0,0.0,50.0,50.0,0.0,0.0,0.0,0.0,20.0,25.0,28.0,25.0,27.790000000000006,27.790000000000006,22.21,22.21,0.0,0.0,20.0,25.0,28.0,25.0
tile_0058,10.0,20.0,32.0,False,False,False,100.0,0.0,0.0,0.0,0.0,75.0,50.0,0.0,0.0,0.0,0.0,0.0,0.0,25.0,50.0,25.0,50.0,0.0,0.0,0.0,0.0,0.0,0.0,25.0,50.0
tile_0059,27.2,15.2,20.2,False,False,False,12.0,88.0,0.0,0.0,0.0,50.0,30.0,20.0,50.0,5.0,0.0,5.0,10.0,20.0,10.0,38.0,18.0,68.0,38.0,5.0,0.0,5.0,10.0,20.0,10.0
tile_0060,21.468,22.468,16.468,False,False,False,26.33,73.67,0.0,0.0,0.0,40.0,50.0,20.0,20.0,5.0,5.0,10.0,25.0,25.0,5.0,13.670000000000002,23.67,53.67,53.67,5.0,5.0,10.0,25.0,25.0,5.0
tile_0061,16.0,11.291999999999998,12.291999999999998,False,False,False,44.27,55.73,0.0,0.0,0.0,40.0,45.0,20.0,25.0,10.0,10.0,5.0,10.0,25.0,5.0,4.270000000000003,0.7299999999999969,35.73,30.729999999999997,10.0,10.0,5.0,10.0,25.0,5.0
tile_0062,19.0,18.0,18.0,False,False,False,58.02,41.98,0.0,0.0,0.0,40.0,45.0,10.0,10.0,30.0,30.0,10.0,10.0,5.0,5.0,18.020000000000003,13.020000000000003,31.979999999999997,31.979999999999997,30.0,30.0,10.0,10.0,5.0,5.0
tile_0063,30.0,28.0,28.0,False,False,False,64.24,35.76,0.0,0.0,0.0,20.0,20.0,10.0,10.0,60.0,50.0,10.0,10.0,10.0,10.0,44.239999999999995,44.239999999999995,25.759999999999998,25.759999999999998,60.0,50.0,10.0,10.0,10.0,10.0
tile_0064,20.0,22.0,,False,False,True,0.0,0.0,0.0,0.0,0.0,10.0,17.0,10.0,10.0,60.0,55.0,10.0,10.0,10.0,18.0,10.0,17.0,10.0,10.0,60.0,55.0,10.0,10.0,10.0,18.0
tile_0065,32.0,23.0,,False,False,True,100.0,0.0,0.0,0.0,0.0,20.0,45.0,10.0,25.0,50.0,20.0,10.0,10.0,10.0,5.0,80.0,55.0,10.0,25.0,50.0,20.0,10.0,10.0,10.0,5.0
tile_0066,34.0,,25.0,False,True,False,100.0,0.0,0.0,0.0,0.0,20.0,,10.0,,60.0,,10.0,,10.0,,80.0,,10.0,,60.0,,10.0,,10.0,
tile_0067,32.0,34.0,32.0,False,False,False,0.0,100.0,0.0,0.0,0.0,40.0,30.0,20.0,10.0,10.0,20.0,5.0,10.0,25.0,20.0,40.0,30.0,80.0,90.0,10.0,20.0,5.0,10.0,25.0,20.0
tile_0068,28.0,30.0,31.0,False,False,False,0.0,100.0,0.0,0.0,0.0,20.0,40.0,30.0,20.0,5.0,5.0,20.0,20.0,25.0,5.0,20.0,40.0,70.0,80.0,5.0,5.0,20.0,20.0,25.0,5.0
tile_0069,20.0,21.0,20.0,False,False,False,0.0,100.0,0.0,0.0,0.0,10.0,20.0,50.0,50.0,0.0,5.0,0.0,25.0,40.0,5.0,10.0,20.0,50.0,50.0,0.0,5.0,0.0,25.0,40.0,5.0
tile_0070,32.0,31.0,20.0,False,False,False,0.0,100.0,0.0,0.0,0.0,30.0,30.0,20.0,20.0,5.0,5.0,10.0,20.0,35.0,20.0,30.0,30.0,80.0,80.0,5.0,5.0,10.0,20.0,35.0,20.0
tile_0071,22.0,22.0,22.0,False,False,False,0.0,100.0,0.0,0.0,0.0,30.0,30.0,50.0,50.0,5.0,10.0,10.0,10.0,15.0,10.0,30.0,30.0,50.0,50.0,5.0,10.0,10.0,10.0,15.0,10.0
tile_0072,25.387999999999998,29.387999999999998,20.387999999999998,False,False,False,21.53,78.47,0.0,0.0,0.0,50.0,60.0,20.0,10.0,5.0,0.0,10.0,25.0,25.0,15.0,28.47,38.47,58.47,68.47,5.0,0.0,10.0,25.0,25.0,15.0
tile_0073,21.068,22.068,21.068,False,False,False,27.33,72.67,0.0,0.0,0.0,50.0,50.0,20.0,20.0,5.0,5.0,5.0,25.0,20.0,5.0,22.67,22.67,52.67,52.67,5.0,5.0,5.0,25.0,20.0,5.0
tile_0074,23.532,22.532,16.532,False,False,False,26.17,73.83,0.0,0.0,0.0,50.0,50.0,20.0,20.0,5.0,5.0,10.0,25.0,25.0,5.0,23.83,23.83,53.83,53.83,5.0,5.0,10.0,25.0,25.0,5.0
tile_0075,25.568,30.568,24.568,False,False,False,16.08,83.92,0.0,0.0,0.0,60.0,75.0,20.0,10.0,5.0,0.0,5.0,10.0,10.0,10.0,43.92,58.92,63.92,73.92,5.0,0.0,5.0,10.0,10.0,10.0
tile_0076,17.548000000000002,18.548000000000002,19.548000000000002,False,False,False,18.63,81.37,0.0,0.0,0.0,40.0,40.0,30.0,30.0,5.0,5.0,5.0,10.0,5.0,5.0,21.37,21.37,51.370000000000005,51.370000000000005,5.0,5.0,5.0,10.0,5.0,5.0
tile_0077,32.36,23.360000000000003,19.360000000000003,False,False,False,19.1,80.9,0.0,0.0,0.0,75.0,50.0,0.0,25.0,0.0,0.0,0.0,25.0,25.0,5.0,55.9,30.9,80.9,55.900000000000006,0.0,0.0,0.0,25.0,25.0,5.0
tile_0078,18.188,12.0,12.0,False,False,False,54.53,45.47,0.0,0.0,0.0,75.0,50.0,0.0,0.0,0.0,0.0,0.0,10.0,25.0,0.0,20.47,4.530000000000001,45.47,45.47,0.0,0.0,0.0,10.0,25.0,0.0
tile_0079,28.4,18.951999999999998,,False,False,True,30.12,69.88,0.0,0.0,0.0,20.0,35.0,10.0,25.0,30.0,30.0,5.0,10.0,37.0,5.0,10.120000000000001,4.879999999999999,59.879999999999995,44.879999999999995,30.0,30.0,5.0,10.0,37.0,5.0
tile_0080,22.0,22.0,21.0,False,False,False,0.0,0.0,0.0,0.0,0.0,20.0,34.0,10.0,10.0,60.0,39.0,10.0,10.0,10.0,17.0,20.0,34.0,10.0,10.0,60.0,39.0,10.0,10.0,10.0,17.0
tile_0081,20.0,22.0,22.0,False,False,False,0.0,0.0,0.0,0.0,0.0,20.0,27.0,10.0,10.0,30.0,55.0,10.0,1.0,30.0,17.0,20.0,27.0,10.0,10.0,30.0,55.0,10.0,1.0,30.0,17.0
tile_0082,21.0,22.0,,False,False,True,0.0,0.0,0.0,0.0,0.0,20.0,27.0,10.0,10.0,10.0,45.0,10.0,10.0,55.0,18.0,20.0,27.0,10.0,10.0,10.0,45.0,10.0,10.0,55.0,18.0
tile_0083,9.999999999999998,14.0,11.999999999999998,False,False,False,79.57,20.43,0.0,0.0,0.0,75.0,60.0,0.0,10.0,0.0,20.0,0.0,10.0,25.0,10.0,4.569999999999993,19.569999999999993,20.43,10.43,0.0,20.0,0.0,10.0,25.0,10.0
tile_0084,16.0,17.0,8.748000000000001,False,False,False,71.87,28.13,0.0,0.0,0.0,40.0,45.0,20.0,10.0,10.0,20.0,10.0,10.0,20.0,10.0,31.870000000000005,26.870000000000005,8.129999999999999,18.13,10.0,20.0,10.0,10.0,20.0,10.0
tile_0085,24.1,28.9,28.1,False,False,False,19.75,80.25,0.0,0.0,0.0,40.0,45.0,20.0,10.0,5.0,0.0,10.0,10.0,25.0,39.0,20.25,25.25,60.25,70.25,5.0,0.0,10.0,10.0,25.0,39.0
tile_0086,15.24,8.24,13.24,False,False,False,46.9,53.1,0.0,0.0,0.0,50.0,50.0,20.0,30.0,5.0,5.0,10.0,5.0,25.0,5.0,3.1000000000000014,3.1000000000000014,33.1,23.1,5.0,5.0,10.0,5.0,25.0,5.0
tile_0087,28.0,30.0,28.0,False,False,False,0.0,100.0,0.0,0.0,0.0,20.0,45.0,30.0,25.0,20.0,10.0,10.0,10.0,20.0,10.0,20.0,45.0,70.0,75.0,20.0,10.0,10.0,10.0,20.0,10.0
tile_0088,32.0,35.0,22.0,False,False,False,0.0,100.0,0.0,0.0,0.0,40.0,35.0,20.0,10.0,10.0,10.0,5.0,10.0,25.0,30.0,40.0,35.0,80.0,90.0,10.0,10.0,5.0,10.0,25.0,30.0
tile_0089,25.0,28.0,34.0,False,False,False,0.0,100.0,0.0,0.0,0.0,40.0,40.0,30.0,30.0,5.0,10.0,5.0,10.0,5.0,10.0,40.0,40.0,70.0,70.0,5.0,10.0,5.0,10.0,5.0,10.0
tile_0090,27.116000000000003,15.116000000000003,18.116000000000003,False,False,False,32.21,67.79,0.0,0.0,0.0,50.0,50.0,0.0,30.0,0.0,5.0,0.0,10.0,50.0,5.0,17.79,17.79,67.79,37.790000000000006,0.0,5.0,0.0,10.0,50.0,5.0
tile_0091,11.384,14.384,3.3840000000000003,False,False,False,39.04,60.96,0.0,0.0,0.0,50.0,40.0,30.0,30.0,5.0,5.0,5.0,10.0,5.0,25.0,10.96,0.9600000000000009,30.96,30.96,5.0,5.0,5.0,10.0,5.0,25.0
tile_0092,27.116000000000003,19.116000000000003,27.116000000000003,False,False,False,32.21,67.79,0.0,0.0,0.0,50.0,50.0,0.0,20.0,0.0,0.0,0.0,10.0,50.0,20.0,17.79,17.79,67.79,47.790000000000006,0.0,0.0,0.0,10.0,50.0,20.0
tile_0093,28.827999999999996,30.827999999999996,28.827999999999996,False,False,False,7.93,92.07,0.0,0.0,0.0,50.0,50.0,20.0,20.0,5.0,5.0,5.0,10.0,20.0,25.0,42.07,42.07,72.07,72.07,5.0,5.0,5.0,10.0,20.0,25.0
tile_0094,38.956,18.956,20.956,False,False,False,2.61,97.39,0.0,0.0,0.0,50.0,30.0,0.0,50.0,0.0,0.0,0.0,0.0,50.0,20.0,47.39,27.39,97.39,47.39,0.0,0.0,0.0,0.0,50.0,20.0
tile_0095,3.063999999999999,3.063999999999999,7.063999999999998,False,False,False,82.66,17.34,0.0,0.0,0.0,75.0,75.0,25.0,25.0,0.0,0.0,0.0,0.0,0.0,0.0,7.659999999999997,7.659999999999997,7.66,7.66,0.0,0.0,0.0,0.0,0.0,0.0
tile_0096,14.0,8.0,8.0,False,False,False,55.77,44.23,0.0,0.0,0.0,50.0,50.0,20.0,30.0,5.0,5.0,10.0,10.0,25.0,5.0,5.770000000000003,5.770000000000003,24.229999999999997,14.229999999999997,5.0,5.0,10.0,10.0,25.0,5.0
tile_0097,24.127999999999997,27.127999999999997,22.127999999999997,False,False,False,19.68,80.32,0.0,0.0,0.0,50.0,45.0,20.0,10.0,10.0,10.0,5.0,10.0,15.0,20.0,30.32,25.32,60.31999999999999,70.32,10.0,10.0,5.0,10.0,15.0,20.0
tile_0098,20.0,22.0,22.0,False,False,False,0.0,0.0,0.0,0.0,0.0,10.0,27.0,10.0,10.0,60.0,45.0,10.0,10.0,10.0,18.0,10.0,27.0,10.0,10.0,60.0,45.0,10.0,10.0,10.0,18.0
tile_0099,28.0,20.988,27.0,False,False,False,37.53,62.47,0.0,0.0,0.0,20.0,45.0,10.0,10.0,30.0,30.0,10.0,10.0,30.0,5.0,17.53,7.469999999999999,52.47,52.47,30.0,30.0,10.0,10.0,30.0,5.0
tile_0100,28.0,,21.3,False,True,False,24.25,75.75,0.0,0.0,0.0,20.0,,10.0,,30.0,,10.0,,30.0,,4.25,,65.75,,30.0,,10.0,,30.0,
tile_0101,13.907999999999998,15.0,12.907999999999998,False,False,False,82.27,17.73,0.0,0.0,0.0,50.0,50.0,25.0,10.0,5.0,20.0,5.0,5.0,20.0,10.0,32.269999999999996,32.269999999999996,7.27,7.73,5.0,20.0,5.0,5.0,20.0,10.0
tile_0102,16.22,18.22,18.22,False,False,False,90.55,9.45,0.0,0.0,0.0,50.0,45.0,20.0,10.0,10.0,30.0,5.0,10.0,15.0,5.0,40.55,45.55,10.55,0.5500000000000007,10.0,30.0,5.0,10.0,15.0,5.0
tile_0103,31.327999999999996,25.327999999999996,25.327999999999996,False,False,False,6.68,93.32,0.0,0.0,0.0,60.0,45.0,20.0,25.0,10.0,10.0,10.0,5.0,10.0,5.0,53.32,38.32,73.32,68.32,10.0,10.0,10.0,5.0,10.0,5.0
tile_0104,29.656,27.656,15.656,False,False,False,10.86,89.14,0.0,0.0,0.0,50.0,40.0,20.0,20.0,5.0,5.0,10.0,20.0,25.0,15.0,39.14,29.14,69.14,69.14,5.0,5.0,10.0,20.0,25.0,15.0
tile_0105,22.272000000000002,24.272000000000002,28.272000000000002,False,False,False,9.32,90.68,0.0,0.0,0.0,40.0,30.0,30.0,30.0,5.0,10.0,10.0,10.0,5.0,20.0,30.68,20.68,60.68000000000001,60.68000000000001,5.0,10.0,10.0,10.0,5.0,20.0
tile_0106,28.216,31.216,17.216,False,False,False,11.96,88.04,0.0,0.0,0.0,50.0,40.0,20.0,10.0,5.0,5.0,25.0,20.0,5.0,25.0,38.04,28.04,68.04,78.04,5.0,5.0,25.0,20.0,5.0,25.0
tile_0107,33.0,36.0,21.0,False,False,False,0.0,100.0,0.0,0.0,0.0,50.0,30.0,20.0,10.0,5.0,0.0,25.0,30.0,5.0,30.0,50.0,30.0,80.0,90.0,5.0,0.0,25.0,30.0,5.0,30.0
tile_0108,37.019999999999996,30.02,25.02,False,False,False,7.45,92.55,0.0,0.0,0.0,50.0,50.0,0.0,20.0,0.0,5.0,0.0,25.0,50.0,5.0,42.55,42.55,92.55,72.55,0.0,5.0,0.0,25.0,50.0,5.0
tile_0109,39.016000000000005,32.016000000000005,25.016000000000002,False,False,False,2.46,97.54,0.0,0.0,0.0,75.0,50.0,0.0,20.0,0.0,5.0,0.0,25.0,25.0,5.0,72.54,47.54,97.54,77.54,0.0,5.0,0.0,25.0,25.0,5.0
tile_0110,20.0,13.024000000000001,19.024,False,False,False,52.44,47.56,0.0,0.0,0.0,50.0,60.0,0.0,20.0,0.0,5.0,0.0,10.0,50.0,15.0,2.4399999999999977,7.560000000000002,47.56,27.560000000000002,0.0,5.0,0.0,10.0,50.0,15.0
tile_0111,34.772000000000006,34.772000000000006,34.372,False,False,False,13.07,86.93,0.0,0.0,0.0,50.0,75.0,0.0,0.0,0.0,0.0,0.0,10.0,50.0,15.0,36.93,61.93,86.93,86.93,0.0,0.0,0.0,10.0,50.0,15.0
tile_0112,27.383999999999997,23.383999999999997,35.384,False,False,False,11.54,88.46,0.0,0.0,0.0,40.0,50.0,20.0,30.0,5.0,5.0,10.0,10.0,25.0,5.0,28.46,38.46,68.46,58.459999999999994,5.0,5.0,10.0,10.0,25.0,5.0
tile_0113,20.0,16.552,6.552000000000001,False,False,False,58.62,41.38,0.0,0.0,0.0,50.0,75.0,0.0,0.0,0.0,0.0,0.0,0.0,50.0,25.0,8.619999999999997,16.380000000000003,41.38,41.38,0.0,0.0,0.0,0.0,50.0,25.0
tile_0114,21.584,8.584,6.5840000000000005,False,False,False,46.04,53.96,0.0,0.0,0.0,75.0,50.0,0.0,30.0,0.0,5.0,0.0,5.0,25.0,5.0,28.96,3.960000000000001,53.96,23.96,0.0,5.0,0.0,5.0,25.0,5.0
tile_0115,34.932,24.932,23.932,False,False,False,12.67,87.33,0.0,0.0,0.0,75.0,45.0,0.0,25.0,0.0,15.0,0.0,10.0,25.0,5.0,62.33,32.33,87.33,62.33,0.0,15.0,0.0,10.0,25.0,5.0
tile_0116,19.0,20.0,20.0,False,False,False,0.0,0.0,0.0,0.0,0.0,25.0,20.0,10.0,10.0,30.0,50.0,5.0,10.0,25.0,10.0,25.0,20.0,10.0,10.0,30.0,50.0,5.0,10.0,25.0,10.0
tile_0117,27.072000000000003,,,False,True,True,17.32,82.68,0.0,0.0,0.0,50.0,,20.0,,25.0,,5.0,,10.0,,32.68,,62.68000000000001,,25.0,,5.0,,10.0,
tile_0118,28.0,30.0,27.0,False,False,False,0.0,100.0,0.0,0.0,0.0,40.0,40.0,20.0,20.0,5.0,10.0,10.0,10.0,5.0,10.0,40.0,40.0,80.0,80.0,5.0,10.0,10.0,10.0,5.0,10.0
tile_0119,20.0,13.351999999999999,12.000000000000002,False,False,False,66.62,33.38,0.0,0.0,0.0,50.0,75.0,0.0,0.0,0.0,0.0,0.0,10.0,50.0,15.0,16.620000000000005,8.379999999999995,33.38,33.38,0.0,0.0,0.0,10.0,50.0,15.0
tile_0120,14.0,10.0,12.0,False,False,False,53.36,46.64,0.0,0.0,0.0,50.0,45.0,20.0,25.0,5.0,10.0,10.0,5.0,25.0,5.0,3.3599999999999994,8.36,26.64,21.64,5.0,10.0,10.0,5.0,25.0,5.0
tile_0121,37.392,29.392000000000003,19.392000000000003,False,False,False,6.52,93.48,0.0,0.0,0.0,50.0,30.0,0.0,20.0,0.0,5.0,0.0,10.0,50.0,35.0,43.480000000000004,23.48,93.48,73.48,0.0,5.0,0.0,10.0,50.0,35.0
tile_0122,36.064,30.663999999999998,19.663999999999998,False,False,False,0.84,99.16,0.0,0.0,0.0,20.0,30.0,10.0,20.0,5.0,5.0,10.0,20.0,57.0,20.0,19.16,29.16,89.16,79.16,5.0,5.0,10.0,20.0,57.0,20.0
tile_0123,22.784,22.384,18.784,False,False,False,43.04,56.96,0.0,0.0,0.0,50.0,50.0,0.0,0.0,0.0,0.0,0.0,20.0,50.0,28.0,6.960000000000001,6.960000000000001,56.96,56.96,0.0,0.0,0.0,20.0,50.0,28.0
tile_0124,33.968,23.968,23.968,False,False,False,5.08,94.92,0.0,0.0,0.0,75.0,40.0,10.0,30.0,0.0,5.0,0.0,10.0,15.0,5.0,69.92,34.92,84.92,64.92,0.0,5.0,0.0,10.0,15.0,5.0
tile_0125,32.0,34.0,20.0,False,False,False,0.0,100.0,0.0,0.0,0.0,50.0,50.0,20.0,20.0,5.0,5.0,5.0,10.0,20.0,25.0,50.0,50.0,80.0,80.0,5.0,5.0,5.0,10.0,20.0,25.0
tile_0126,32.648,26.648000000000003,32.648,False,False,False,18.38,81.62,0.0,0.0,0.0,75.0,60.0,0.0,20.0,0.0,5.0,0.0,10.0,25.0,15.0,56.620000000000005,41.620000000000005,81.62,61.620000000000005,0.0,5.0,0.0,10.0,25.0,15.0
tile_0127,26.851999999999997,26.851999999999997,26.851999999999997,False,False,False,32.87,67.13,0.0,0.0,0.0,75.0,75.0,0.0,0.0,0.0,0.0,0.0,0.0,25.0,25.0,42.13,42.13,67.13,67.13,0.0,0.0,0.0,0.0,25.0,25.0
tile_0128,20.0,8.931999999999999,7.9319999999999995,False,False,False,72.67,27.33,0.0,0.0,0.0,50.0,75.0,0.0,0.0,0.0,0.0,0.0,10.0,50.0,5.0,22.67,2.3299999999999983,27.33,27.33,0.0,0.0,0.0,10.0,50.0,5.0
tile_0129,26.895999999999997,26.895999999999997,26.895999999999997,False,False,False,12.76,87.24,0.0,0.0,0.0,40.0,40.0,20.0,10.0,5.0,0.0,10.0,20.0,25.0,10.0,27.240000000000002,27.240000000000002,67.24,77.24,5.0,0.0,10.0,20.0,25.0,10.0
tile_0130,26.208,21.208,21.208,False,False,False,14.48,85.52,0.0,0.0,0.0,50.0,50.0,20.0,30.0,5.0,5.0,5.0,5.0,20.0,5.0,35.519999999999996,35.519999999999996,65.52,55.519999999999996,5.0,5.0,5.0,5.0,20.0,5.0
tile_0131,20.0,10.0,16.0,False,False,False,100.0,0.0,0.0,0.0,0.0,50.0,75.0,0.0,0.0,0.0,0.0,0.0,10.0,50.0,15.0,50.0,25.0,0.0,0.0,0.0,0.0,0.0,10.0,50.0,15.0
tile_0132,20.0,19.0,21.0,False,False,False,17.5,82.5,0.0,0.0,0.0,50.0,40.0,30.0,30.0,5.0,5.0,5.0,10.0,5.0,5.0,32.5,22.5,52.5,52.5,5.0,5.0,5.0,10.0,5.0,5.0
tile_0133,33.628,23.627999999999997,22.627999999999997,False,False,False,5.93,94.07,0.0,0.0,0.0,75.0,40.0,10.0,30.0,5.0,5.0,5.0,10.0,5.0,5.0,69.07,34.07,84.07,64.07,5.0,5.0,5.0,10.0,5.0,5.0
tile_0134,16.004,,17.004,False,True,False,32.49,67.51,0.0,0.0,0.0,40.0,,30.0,,20.0,,10.0,,5.0,,7.509999999999998,,37.510000000000005,,20.0,,10.0,,5.0,
tile_0135,25.483999999999998,21.483999999999998,19.483999999999998,False,False,False,13.79,86.21,0.0,0.0,0.0,50.0,50.0,25.0,30.0,5.0,5.0,5.0,5.0,20.0,5.0,36.21,36.21,61.209999999999994,56.209999999999994,5.0,5.0,5.0,5.0,20.0,5.0
tile_0136,31.939999999999998,24.939999999999998,21.939999999999998,False,False,False,20.15,79.85,0.0,0.0,0.0,75.0,50.0,0.0,20.0,0.0,5.0,0.0,25.0,25.0,5.0,54.85,29.85,79.85,59.849999999999994,0.0,5.0,0.0,25.0,25.0,5.0
tile_0137,15.047999999999998,13.0,10.0,False,False,False,62.38,37.62,0.0,0.0,0.0,75.0,50.0,0.0,20.0,0.0,5.0,0.0,25.0,25.0,5.0,12.619999999999997,12.380000000000003,37.62,17.619999999999997,0.0,5.0,0.0,25.0,25.0,5.0
tile_0138,11.344,12.656,10.656,False,False,False,71.64,28.36,0.0,0.0,0.0,75.0,40.0,0.0,30.0,0.0,5.0,0.0,20.0,25.0,5.0,3.3599999999999994,31.64,28.36,1.6400000000000006,0.0,5.0,0.0,20.0,25.0,5.0
tile_0139,20.0,13.0,9.999999999999998,False,False,False,71.21,28.79,0.0,0.0,0.0,50.0,50.0,0.0,20.0,0.0,5.0,0.0,25.0,50.0,5.0,21.209999999999994,21.209999999999994,28.79,8.79,0.0,5.0,0.0,25.0,50.0,5.0
tile_0140,20.328,10.0,8.0,False,False,False,49.18,50.82,0.0,0.0,0.0,50.0,40.0,0.0,30.0,0.0,5.0,0.0,10.0,50.0,5.0,0.8200000000000003,9.18,50.82,20.82,0.0,5.0,0.0,10.0,50.0,5.0
tile_0141,21.504,22.504,19.504,False,False,False,31.24,68.76,0.0,0.0,0.0,65.0,60.0,20.0,20.0,5.0,5.0,5.0,25.0,15.0,5.0,33.760000000000005,28.76,48.760000000000005,48.760000000000005,5.0,5.0,5.0,25.0,15.0,5.0
tile_0142,29.784,26.784,25.784,False,False,False,3.04,96.96,0.0,0.0,0.0,50.0,40.0,25.0,30.0,0.0,5.0,25.0,20.0,5.0,5.0,46.96,36.96,71.96,66.96,0.0,5.0,25.0,20.0,5.0,5.0
tile_0143,36.6,32.6,28.6,False,False,False,8.5,91.5,0.0,0.0,0.0,50.0,50.0,0.0,10.0,0.0,5.0,0.0,25.0,50.0,10.0,41.5,41.5,91.5,81.5,0.0,5.0,0.0,25.0,50.0,10.0
tile_0144,34.0,,36.0,False,True,False,0.0,100.0,0.0,0.0,0.0,50.0,,20.0,,5.0,,10.0,,25.0,,50.0,,80.0,,5.0,,10.0,,25.0,
tile_0145,36.536,36.536,35.536,False,False,False,8.66,91.34,0.0,0.0,0.0,50.0,50.0,0.0,0.0,0.0,0.0,0.0,25.0,50.0,25.0,41.34,41.34,91.34,91.34,0.0,0.0,0.0,25.0,50.0,25.0
tile_0146,20.0,9.008,17.0,False,False,False,67.48,32.52,0.0,0.0,0.0,50.0,80.0,0.0,0.0,0.0,0.0,0.0,0.0,50.0,0.0,17.480000000000004,12.519999999999996,32.52,32.52,0.0,0.0,0.0,0.0,50.0,0.0
tile_0147,37.0,33.0,,False,False,True,0.0,100.0,0.0,0.0,0.0,20.0,50.0,10.0,20.0,5.0,5.0,20.0,25.0,50.0,5.0,20.0,50.0,90.0,80.0,5.0,5.0,20.0,25.0,50.0,5.0
tile_0148,20.0,10.0,10.524000000000001,False,False,False,81.31,18.69,0.0,0.0,0.0,50.0,75.0,0.0,0.0,0.0,0.0,0.0,10.0,50.0,15.0,31.310000000000002,6.310000000000002,18.69,18.69,0.0,0.0,0.0,10.0,50.0,15.0
tile_0149,24.424,11.424000000000001,5.424000000000001,False,False,False,38.94,61.06,0.0,0.0,0.0,50.0,50.0,0.0,30.0,0.0,5.0,0.0,5.0,50.0,5.0,11.060000000000002,11.060000000000002,61.06,31.060000000000002,0.0,5.0,0.0,5.0,50.0,5.0
tile_0150,30.776,18.776,18.776,False,False,False,23.06,76.94,0.0,0.0,0.0,50.0,50.0,0.0,30.0,0.0,5.0,0.0,10.0,50.0,5.0,26.94,26.94,76.94,46.94,0.0,5.0,0.0,10.0,50.0,5.0
tile_0151,24.160000000000004,22.160000000000004,21.160000000000004,False,False,False,14.6,85.4,0.0,0.0,0.0,75.0,50.0,25.0,30.0,0.0,5.0,0.0,10.0,0.0,5.0,60.4,35.4,60.400000000000006,55.400000000000006,0.0,5.0,0.0,10.0,0.0,5.0
tile_0152,24.083999999999996,19.083999999999996,17.083999999999996,False,False,False,19.79,80.21,0.0,0.0,0.0,45.0,50.0,10.0,30.0,5.0,5.0,10.0,5.0,10.0,5.0,25.21,30.21,70.21,50.209999999999994,5.0,5.0,10.0,5.0,10.0,5.0
tile_0153,20.496,19.496,14.495999999999999,False,False,False,26.26,73.74,0.0,0.0,0.0,50.0,50.0,25.0,25.0,5.0,5.0,5.0,10.0,20.0,10.0,23.74,23.74,48.739999999999995,48.739999999999995,5.0,5.0,5.0,10.0,20.0,10.0
tile_0154,17.584,13.584,11.584,False,False,False,41.04,58.96,0.0,0.0,0.0,50.0,50.0,20.0,25.0,5.0,5.0,10.0,10.0,25.0,10.0,8.96,8.96,38.96,33.96,5.0,5.0,10.0,10.0,25.0,10.0
tile_0155,9.999999999999998,9.999999999999998,19.339999999999996,False,False,False,98.35,1.65,0.0,0.0,0.0,75.0,75.0,0.0,0.0,0.0,0.0,0.0,10.0,25.0,15.0,23.349999999999994,23.349999999999994,1.65,1.65,0.0,0.0,0.0,10.0,25.0,15.0
tile_0156,8.0,8.0,10.0,False,False,False,68.64,31.36,0.0,0.0,0.0,50.0,50.0,30.0,30.0,5.0,5.0,10.0,10.0,5.0,5.0,18.64,18.64,1.3599999999999994,1.3599999999999994,5.0,5.0,10.0,10.0,5.0,5.0
tile_0157,40.0,31.0,20.0,False,False,False,0.0,100.0,0.0,0.0,0.0,75.0,40.0,0.0,20.0,0.0,5.0,0.0,25.0,25.0,5.0,75.0,40.0,100.0,80.0,0.0,5.0,0.0,25.0,25.0,5.0
tile_0158,35.628,25.627999999999997,22.627999999999997,False,False,False,10.93,89.07,0.0,0.0,0.0,50.0,50.0,0.0,25.0,0.0,0.0,0.0,10.0,50.0,15.0,39.07,39.07,89.07,64.07,0.0,0.0,0.0,10.0,50.0,15.0
tile_0159,35.760000000000005,28.76,25.76,False,False,False,10.6,89.4,0.0,0.0,0.0,75.0,50.0,0.0,20.0,0.0,5.0,0.0,25.0,25.0,5.0,64.4,39.4,89.4,69.4,0.0,5.0,0.0,25.0,25.0,5.0
tile_0160,24.192,26.192,22.192,False,False,False,24.52,75.48,0.0,0.0,0.0,50.0,50.0,20.0,10.0,5.0,0.0,10.0,20.0,25.0,20.0,25.48,25.48,55.480000000000004,65.48,5.0,0.0,10.0,20.0,25.0,20.0
tile_0161,26.627999999999997,27.627999999999997,27.627999999999997,False,False,False,8.43,91.57,0.0,0.0,0.0,40.0,40.0,30.0,20.0,5.0,5.0,10.0,25.0,25.0,5.0,31.57,31.57,61.56999999999999,71.57,5.0,5.0,10.0,25.0,25.0,5.0
tile_0162,16.0,22.0,20.0,False,False,False,0.0,0.0,0.0,0.0,0.0,40.0,50.0,20.0,20.0,5.0,5.0,10.0,10.0,5.0,25.0,40.0,50.0,20.0,20.0,5.0,5.0,10.0,10.0,5.0,25.0
tile_0163,34.0,32.0,34.0,False,False,False,0.0,100.0,0.0,0.0,0.0,50.0,50.0,20.0,20.0,5.0,5.0,10.0,5.0,25.0,20.0,50.0,50.0,80.0,80.0,5.0,5.0,10.0,5.0,25.0,20.0
tile_0164,22.0,22.0,22.0,False,False,False,0.0,0.0,0.0,0.0,0.0,50.0,50.0,20.0,20.0,5.0,5.0,10.0,10.0,25.0,25.0,50.0,50.0,20.0,20.0,5.0,5.0,10.0,10.0,25.0,25.0
tile_0165,21.0,20.0,22.0,False,False,False,0.0,0.0,0.0,0.0,0.0,20.0,50.0,10.0,20.0,5.0,10.0,20.0,10.0,50.0,10.0,20.0,50.0,10.0,20.0,5.0,10.0,20.0,10.0,50.0,10.0
tile_0166,14.0,4.0,12.588,False,False,False,61.03,38.97,0.0,0.0,0.0,50.0,60.0,20.0,30.0,5.0,5.0,10.0,5.0,25.0,0.0,11.030000000000001,1.0300000000000011,18.97,8.969999999999999,5.0,5.0,10.0,5.0,25.0,0.0
tile_0167,20.0,8.0,8.0,False,False,False,63.96,36.04,0.0,0.0,0.0,50.0,50.0,0.0,30.0,0.0,5.0,0.0,10.0,50.0,5.0,13.96,13.96,36.04,6.039999999999999,0.0,5.0,0.0,10.0,50.0,5.0
tile_0168,14.0,12.0,10.0,False,False,False,41.16,58.84,0.0,0.0,0.0,40.0,30.0,30.0,40.0,5.0,5.0,10.0,10.0,25.0,15.0,1.1599999999999966,11.159999999999997,28.840000000000003,18.840000000000003,5.0,5.0,10.0,10.0,25.0,15.0
tile_0169,25.131999999999998,16.131999999999998,17.131999999999998,False,False,False,12.17,87.83,0.0,0.0,0.0,50.0,40.0,25.0,50.0,0.0,0.0,0.0,10.0,25.0,5.0,37.83,27.83,62.83,37.83,0.0,0.0,0.0,10.0,25.0,5.0
tile_0170,39.416000000000004,21.416000000000004,19.416000000000004,False,False,False,1.46,98.54,0.0,0.0,0.0,75.0,40.0,0.0,50.0,0.0,5.0,0.0,10.0,25.0,5.0,73.54,38.54,98.54,48.540000000000006,0.0,5.0,0.0,10.0,25.0,5.0
tile_0171,24.316000000000003,16.316000000000003,15.316000000000003,False,False,False,24.21,75.79,0.0,0.0,0.0,50.0,40.0,20.0,30.0,5.0,5.0,10.0,10.0,25.0,5.0,25.79,15.79,55.790000000000006,45.790000000000006,5.0,5.0,10.0,10.0,25.0,5.0
tile_0172,31.451999999999998,25.451999999999998,19.451999999999998,False,False,False,1.37,98.63,0.0,0.0,0.0,60.0,40.0,20.0,30.0,5.0,5.0,5.0,10.0,10.0,5.0,58.63,38.63,78.63,68.63,5.0,5.0,5.0,10.0,10.0,5.0
tile_0173,21.292,17.292,15.292000000000002,False,False,False,26.77,73.23,0.0,0.0,0.0,50.0,50.0,20.0,30.0,5.0,5.0,5.0,10.0,20.0,5.0,23.23,23.23,53.230000000000004,43.230000000000004,5.0,5.0,5.0,10.0,20.0,5.0
tile_0174,27.624000000000002,22.624000000000002,16.624000000000002,False,False,False,8.44,91.56,0.0,0.0,0.0,50.0,40.0,25.0,30.0,5.0,5.0,5.0,10.0,20.0,5.0,41.56,31.560000000000002,66.56,61.56,5.0,5.0,5.0,10.0,20.0,5.0
tile_0175,21.927999999999997,11.999999999999998,13.927999999999997,False,False,False,20.18,79.82,0.0,0.0,0.0,50.0,20.0,25.0,50.0,5.0,0.0,10.0,25.0,10.0,5.0,29.82,0.17999999999999972,54.81999999999999,29.819999999999993,5.0,0.0,10.0,25.0,10.0,5.0
tile_0176,34.556,26.556,20.556,False,False,False,13.61,86.39,0.0,0.0,0.0,75.0,40.0,0.0,20.0,0.0,5.0,0.0,20.0,25.0,15.0,61.39,26.39,86.39,66.39,0.0,5.0,0.0,20.0,25.0,15.0
tile_0177,25.048000000000002,21.048000000000002,,False,False,True,17.38,82.62,0.0,0.0,0.0,50.0,40.0,25.0,30.0,5.0,5.0,25.0,20.0,5.0,5.0,32.620000000000005,22.62,57.620000000000005,52.620000000000005,5.0,5.0,25.0,20.0,5.0,5.0
tile_0178,40.0,26.0,20.0,False,False,False,0.0,100.0,0.0,0.0,0.0,50.0,40.0,0.0,30.0,0.0,5.0,0.0,10.0,50.0,5.0,50.0,40.0,100.0,70.0,0.0,5.0,0.0,10.0,50.0,5.0
tile_0179,34.0,31.0,20.0,False,False,False,0.0,100.0,0.0,0.0,0.0,50.0,40.0,20.0,20.0,5.0,5.0,10.0,25.0,25.0,5.0,50.0,40.0,80.0,80.0,5.0,5.0,10.0,25.0,25.0,5.0
tile_0180,21.387999999999998,18.387999999999998,23.387999999999998,False,False,False,31.53,68.47,0.0,0.0,0.0,50.0,40.0,20.0,20.0,5.0,5.0,10.0,25.0,25.0,5.0,18.47,8.469999999999999,48.47,48.47,5.0,5.0,10.0,25.0,25.0,5.0
tile_0181,22.0,10.0,10.0,False,False,False,100.0,0.0,0.0,0.0,0.0,50.0,75.0,20.0,0.0,5.0,0.0,10.0,0.0,25.0,25.0,50.0,25.0,20.0,0.0,5.0,0.0,10.0,0.0,25.0,25.0
tile_0182,24.0,20.0,20.0,False,False,False,100.0,0.0,0.0,0.0,0.0,50.0,50.0,20.0,0.0,5.0,0.0,25.0,0.0,20.0,50.0,50.0,50.0,20.0,0.0,5.0,0.0,25.0,0.0,20.0,50.0
tile_0183,16.0,22.0,22.0,False,False,False,0.0,0.0,0.0,0.0,0.0,40.0,50.0,20.0,20.0,5.0,5.0,10.0,10.0,5.0,25.0,40.0,50.0,20.0,20.0,5.0,5.0,10.0,10.0,5.0,25.0
tile_0184,14.0,18.0,19.0,False,False,False,76.9,23.1,0.0,0.0,0.0,50.0,50.0,20.0,0.0,5.0,0.0,10.0,20.0,25.0,20.0,26.900000000000006,26.900000000000006,3.1000000000000014,23.1,5.0,0.0,10.0,20.0,25.0,20.0
tile_0185,10.0,13.756,9.756,False,False,False,84.39,15.61,0.0,0.0,0.0,75.0,50.0,0.0,30.0,0.0,5.0,0.0,10.0,25.0,5.0,9.39,34.39,15.61,14.39,0.0,5.0,0.0,10.0,25.0,5.0
tile_0186,14.0,10.568000000000001,10.0,False,False,False,56.42,43.58,0.0,0.0,0.0,50.0,30.0,20.0,50.0,5.0,0.0,10.0,10.0,25.0,10.0,6.420000000000002,26.42,23.58,6.420000000000002,5.0,0.0,10.0,10.0,25.0,10.0
tile_0187,31.883999999999997,23.883999999999997,19.883999999999997,False,False,False,5.29,94.71,0.0,0.0,0.0,50.0,40.0,20.0,30.0,5.0,5.0,10.0,10.0,25.0,5.0,44.71,34.71,74.71,64.71,5.0,5.0,10.0,10.0,25.0,5.0
tile_0188,21.068,26.068,19.068,False,False,False,22.33,77.67,0.0,0.0,0.0,50.0,60.0,25.0,20.0,0.0,5.0,0.0,25.0,25.0,5.0,27.67,37.67,52.67,57.67,0.0,5.0,0.0,25.0,25.0,5.0
tile_0189,26.772000000000002,32.772000000000006,19.772000000000002,False,False,False,18.07,81.93,0.0,0.0,0.0,50.0,50.0,20.0,0.0,5.0,0.0,10.0,0.0,25.0,50.0,31.93,31.93,61.93000000000001,81.93,5.0,0.0,10.0,0.0,25.0,50.0
tile_0190,32.568,20.568,18.568,False,False,False,18.58,81.42,0.0,0.0,0.0,75.0,50.0,0.0,30.0,0.0,5.0,0.0,10.0,25.0,5.0,56.42,31.42,81.42,51.42,0.0,5.0,0.0,10.0,25.0,5.0
tile_0191,11.016,10.016,8.0,False,False,False,39.96,60.04,0.0,0.0,0.0,50.0,40.0,30.0,30.0,5.0,5.0,5.0,10.0,5.0,5.0,10.04,0.03999999999999915,30.04,30.04,5.0,5.0,5.0,10.0,5.0,5.0
tile_0192,25.56,11.559999999999999,12.0,False,False,False,36.1,63.9,0.0,0.0,0.0,75.0,40.0,0.0,30.0,0.0,5.0,0.0,10.0,25.0,5.0,38.9,3.8999999999999986,63.9,33.9,0.0,5.0,0.0,10.0,25.0,5.0
tile_0193,17.827999999999996,7.8279999999999985,13.827999999999998,False,False,False,35.43,64.57,0.0,0.0,0.0,50.0,40.0,20.0,50.0,5.0,5.0,5.0,10.0,20.0,5.0,14.57,4.57,44.56999999999999,14.569999999999993,5.0,5.0,5.0,10.0,20.0,5.0
tile_0194,17.168,16.168,18.168,False,False,False,24.58,75.42,0.0,0.0,0.0,50.0,40.0,30.0,30.0,5.0,5.0,5.0,10.0,5.0,5.0,25.42,15.420000000000002,45.42,45.42,5.0,5.0,5.0,10.0,5.0,5.0
tile_0195,29.536,21.536,16.536,False,False,False,26.16,73.84,0.0,0.0,0.0,75.0,50.0,0.0,25.0,0.0,10.0,0.0,10.0,25.0,15.0,48.84,23.84,73.84,48.84,0.0,10.0,0.0,10.0,25.0,15.0
tile_0196,21.259999999999998,14.26,9.26,False,False,False,46.85,53.15,0.0,0.0,0.0,75.0,50.0,0.0,20.0,0.0,5.0,0.0,25.0,25.0,5.0,28.15,3.1499999999999986,53.15,33.15,0.0,5.0,0.0,25.0,25.0,5.0
tile_0197,12.0,12.776,12.0,False,False,False,33.06,66.94,0.0,0.0,0.0,20.0,40.0,50.0,30.0,0.0,5.0,10.0,10.0,20.0,5.0,13.060000000000002,6.939999999999998,16.939999999999998,36.94,0.0,5.0,10.0,10.0,20.0,5.0
tile_0198,24.68,20.68,24.68,False,False,False,15.8,84.2,0.0,0.0,0.0,30.0,50.0,20.0,30.0,5.0,5.0,20.0,5.0,20.0,5.0,14.2,34.2,64.2,54.2,5.0,5.0,20.0,5.0,20.0,5.0
tile_0199,20.0,6.0,7.0,False,False,False,100.0,0.0,0.0,0.0,0.0,50.0,80.0,0.0,0.0,0.0,0.0,0.0,10.0,50.0,0.0,50.0,20.0,0.0,0.0,0.0,0.0,0.0,10.0,50.0,0.0
tile_0200,20.0,21.0,10.0,False,False,False,100.0,0.0,0.0,0.0,0.0,50.0,50.0,0.0,20.0,0.0,5.0,0.0,25.0,50.0,5.0,50.0,50.0,0.0,20.0,0.0,5.0,0.0,25.0,50.0,5.0
tile_0201,20.0,,21.0,False,True,False,0.0,0.0,0.0,0.0,0.0,50.0,,20.0,,5.0,,20.0,,5.0,,50.0,,20.0,,5.0,,20.0,,5.0,
tile_0202,13.868,9.868,9.868,False,False,False,65.33,34.67,0.0,0.0,0.0,75.0,75.0,0.0,10.0,0.0,0.0,0.0,10.0,25.0,5.0,9.670000000000002,9.670000000000002,34.67,24.67,0.0,0.0,0.0,10.0,25.0,5.0
tile_0203,15.195999999999998,7.0,10.0,False,False,False,82.99,17.01,0.0,0.0,0.0,50.0,75.0,20.0,0.0,5.0,0.0,10.0,10.0,25.0,0.0,32.989999999999995,7.989999999999995,2.9899999999999984,17.01,5.0,0.0,10.0,10.0,25.0,0.0
tile_0204,10.0,8.0,4.668000000000001,False,False,False,94.17,5.83,0.0,0.0,0.0,75.0,75.0,0.0,0.0,0.0,0.0,0.0,10.0,25.0,5.0,19.17,19.17,5.83,5.83,0.0,0.0,0.0,10.0,25.0,5.0
tile_0205,28.284,27.284,18.284,False,False,False,9.29,90.71,0.0,0.0,0.0,40.0,40.0,20.0,20.0,5.0,5.0,20.0,25.0,15.0,5.0,30.71,30.71,70.71,70.71,5.0,5.0,20.0,25.0,15.0,5.0
tile_0206,34.083999999999996,14.083999999999998,20.083999999999996,False,False,False,14.79,85.21,0.0,0.0,0.0,50.0,30.0,0.0,50.0,0.0,0.0,0.0,10.0,50.0,10.0,35.21,15.21,85.21,35.209999999999994,0.0,0.0,0.0,10.0,50.0,10.0
tile_0207,10.1,8.1,7.1,False,False,False,70.25,29.75,0.0,0.0,0.0,50.0,50.0,30.0,30.0,5.0,5.0,10.0,10.0,15.0,5.0,20.25,20.25,0.25,0.25,5.0,5.0,10.0,10.0,15.0,5.0
tile_0208,10.000000000000002,16.648000000000003,15.648000000000001,False,False,False,91.62,8.38,0.0,0.0,0.0,75.0,50.0,0.0,30.0,0.0,5.0,0.0,10.0,25.0,5.0,16.620000000000005,41.620000000000005,8.38,21.619999999999997,0.0,5.0,0.0,10.0,25.0,5.0
tile_0209,10.0,20.0,16.0,False,False,False,100.0,0.0,0.0,0.0,0.0,75.0,50.0,0.0,30.0,0.0,5.0,0.0,10.0,25.0,5.0,25.0,50.0,0.0,30.0,0.0,5.0,0.0,10.0,25.0,5.0
tile_0210,11.156,17.156,12.156,False,False,False,39.61,60.39,0.0,0.0,0.0,50.0,50.0,30.0,20.0,5.0,5.0,5.0,25.0,5.0,5.0,10.39,10.39,30.39,40.39,5.0,5.0,5.0,25.0,5.0,5.0
tile_0211,36.336,22.336000000000002,22.336000000000002,False,False,False,9.16,90.84,0.0,0.0,0.0,50.0,40.0,0.0,30.0,0.0,5.0,0.0,10.0,50.0,5.0,40.84,30.84,90.84,60.84,0.0,5.0,0.0,10.0,50.0,5.0
tile_0212,24.451999999999998,26.451999999999998,20.451999999999998,False,False,False,18.87,81.13,0.0,0.0,0.0,60.0,60.0,20.0,20.0,5.0,5.0,5.0,10.0,10.0,15.0,41.129999999999995,41.129999999999995,61.129999999999995,61.129999999999995,5.0,5.0,5.0,10.0,10.0,15.0
tile_0213,25.448,18.448,19.448,False,False,False,36.38,63.62,0.0,0.0,0.0,50.0,50.0,0.0,20.0,0.0,5.0,0.0,25.0,50.0,5.0,13.619999999999997,13.619999999999997,63.62,43.62,0.0,5.0,0.0,25.0,50.0,5.0
tile_0214,10.644,14.644,14.644,False,False,False,63.39,36.61,0.0,0.0,0.0,80.0,75.0,0.0,0.0,0.0,0.0,0.0,15.0,0.0,10.0,16.61,11.61,36.61,36.61,0.0,0.0,0.0,15.0,0.0,10.0
tile_0215,36.296,29.296,22.296,False,False,False,9.26,90.74,0.0,0.0,0.0,75.0,50.0,0.0,20.0,0.0,5.0,0.0,25.0,25.0,5.0,65.74,40.74,90.74,70.74,0.0,5.0,0.0,25.0,25.0,5.0
tile_0216,34.0,37.0,40.0,False,False,False,0.0,100.0,0.0,0.0,0.0,50.0,50.0,20.0,,5.0,5.0,10.0,20.0,25.0,10.0,50.0,50.0,80.0,100.0,5.0,5.0,10.0,20.0,25.0,10.0
tile_0217,10.0,11.0,18.0,False,False,False,100.0,0.0,0.0,0.0,0.0,75.0,75.0,0.0,25.0,0.0,0.0,0.0,5.0,25.0,0.0,25.0,25.0,0.0,25.0,0.0,0.0,0.0,5.0,25.0,0.0
tile_0218,22.0,20.0,10.0,False,False,False,100.0,0.0,0.0,0.0,0.0,50.0,50.0,20.0,0.0,5.0,0.0,10.0,25.0,25.0,25.0,50.0,50.0,20.0,0.0,5.0,0.0,10.0,25.0,25.0,25.0
tile_0219,22.0,22.0,32.0,False,False,False,100.0,0.0,0.0,0.0,0.0,50.0,50.0,20.0,20.0,5.0,5.0,10.0,10.0,25.0,25.0,50.0,50.0,20.0,20.0,5.0,5.0,10.0,10.0,25.0,25.0
tile_0220,32.772000000000006,20.772000000000002,20.772000000000002,False,False,False,18.07,81.93,0.0,0.0,0.0,50.0,40.0,0.0,30.0,0.0,5.0,0.0,20.0,50.0,5.0,31.93,21.93,81.93,51.93000000000001,0.0,5.0,0.0,20.0,50.0,5.0
tile_0221,25.656,11.656,12.656,False,False,False,35.86,64.14,0.0,0.0,0.0,75.0,40.0,0.0,30.0,0.0,5.0,0.0,10.0,25.0,5.0,39.14,4.140000000000001,64.14,34.14,0.0,5.0,0.0,10.0,25.0,5.0
tile_0222,22.496000000000002,16.496000000000002,9.496,False,False,False,43.76,56.24,0.0,0.0,0.0,75.0,60.0,0.0,20.0,0.0,5.0,0.0,10.0,25.0,15.0,31.240000000000002,16.240000000000002,56.24,36.24,0.0,5.0,0.0,10.0,25.0,15.0
tile_0223,28.344,16.344,15.344,False,False,False,29.14,70.86,0.0,0.0,0.0,75.0,50.0,0.0,30.0,0.0,5.0,0.0,10.0,25.0,5.0,45.86,20.86,70.86,40.86,0.0,5.0,0.0,10.0,25.0,5.0
tile_0224,31.336000000000002,30.336000000000002,30.336000000000002,False,False,False,1.66,98.34,0.0,0.0,0.0,50.0,50.0,20.0,25.0,5.0,0.0,5.0,25.0,20.0,5.0,48.34,48.34,78.34,73.34,5.0,0.0,5.0,25.0,20.0,5.0
tile_0225,8.0,8.0,7.0,False,False,False,68.87,31.13,0.0,0.0,0.0,50.0,50.0,30.0,30.0,5.0,5.0,10.0,10.0,5.0,5.0,18.870000000000005,18.870000000000005,1.129999999999999,1.129999999999999,5.0,5.0,10.0,10.0,5.0,5.0
tile_0226,10.0,22.0,19.0,False,False,False,100.0,0.0,0.0,0.0,0.0,75.0,50.0,0.0,25.0,0.0,5.0,0.0,25.0,25.0,5.0,25.0,50.0,0.0,25.0,0.0,5.0,0.0,25.0,25.0,5.0
tile_0227,10.632,10.0,5.368,False,False,False,73.42,26.58,0.0,0.0,0.0,75.0,60.0,0.0,20.0,0.0,5.0,0.0,10.0,25.0,15.0,1.5799999999999983,13.420000000000002,26.58,6.579999999999998,0.0,5.0,0.0,10.0,25.0,15.0
tile_0228,20.0,11.0,6.536000000000001,False,False,False,53.66,46.34,0.0,0.0,0.0,50.0,50.0,0.0,25.0,0.0,0.0,0.0,25.0,50.0,5.0,3.6599999999999966,3.6599999999999966,46.34,21.340000000000003,0.0,0.0,0.0,25.0,50.0,5.0
tile_0229,22.583999999999996,16.583999999999996,16.583999999999996,False,False,False,28.54,71.46,0.0,0.0,0.0,50.0,50.0,20.0,30.0,5.0,5.0,10.0,10.0,25.0,5.0,21.46,21.46,51.459999999999994,41.459999999999994,5.0,5.0,10.0,10.0,25.0,5.0
tile_0230,18.988,11.0,8.0,False,False,False,52.53,47.47,0.0,0.0,0.0,75.0,50.0,0.0,25.0,0.0,0.0,0.0,25.0,25.0,5.0,22.47,2.530000000000001,47.47,22.47,0.0,0.0,0.0,25.0,25.0,5.0
tile_0231,4.348000000000001,10.0,7.0,False,False,False,79.13,20.87,0.0,0.0,0.0,80.0,75.0,0.0,0.0,0.0,0.0,0.0,10.0,0.0,15.0,0.8700000000000045,4.1299999999999955,20.87,20.87,0.0,0.0,0.0,10.0,0.0,15.0
tile_0232,16.512,,22.512,False,True,False,43.72,56.28,0.0,0.0,0.0,50.0,,20.0,,5.0,,10.0,,25.0,,6.280000000000001,,36.28,,5.0,,10.0,,25.0,
tile_0233,14.372000000000003,20.372000000000003,17.372000000000003,False,False,False,31.57,68.43,0.0,0.0,0.0,50.0,50.0,30.0,20.0,5.0,5.0,5.0,25.0,5.0,5.0,18.43,18.43,38.43000000000001,48.43000000000001,5.0,5.0,5.0,25.0,5.0,5.0
tile_0234,22.316000000000003,18.316000000000003,25.516000000000002,False,False,False,24.21,75.79,0.0,0.0,0.0,50.0,50.0,20.0,30.0,5.0,5.0,5.0,10.0,20.0,5.0,25.79,25.79,55.790000000000006,45.790000000000006,5.0,5.0,5.0,10.0,20.0,5.0
tile_0235,33.732,32.732,39.732,False,False,False,0.67,99.33,0.0,0.0,0.0,50.0,50.0,20.0,20.0,5.0,5.0,10.0,25.0,25.0,5.0,49.33,49.33,79.33,79.33,5.0,5.0,10.0,25.0,25.0,5.0
tile_0236,14.0,13.0,,False,False,True,78.71,21.29,0.0,0.0,0.0,50.0,50.0,20.0,20.0,5.0,5.0,10.0,25.0,25.0,5.0,28.709999999999994,28.709999999999994,1.2899999999999991,1.2899999999999991,5.0,5.0,10.0,25.0,25.0,5.0
tile_0237,14.0,20.0,20.0,False,False,False,66.1,33.9,0.0,0.0,0.0,50.0,50.0,20.0,0.0,5.0,0.0,10.0,25.0,25.0,25.0,16.099999999999994,16.099999999999994,13.899999999999999,33.9,5.0,0.0,10.0,25.0,25.0,25.0
tile_0238,20.0,17.0,13.0,False,False,False,78.41,21.59,0.0,0.0,0.0,50.0,50.0,0.0,0.0,0.0,5.0,0.0,20.0,50.0,10.0,28.409999999999997,28.409999999999997,21.59,21.59,0.0,5.0,0.0,20.0,50.0,10.0
tile_0239,24.056,17.056,14.056000000000001,False,False,False,39.86,60.14,0.0,0.0,0.0,50.0,50.0,0.0,20.0,0.0,5.0,0.0,25.0,50.0,5.0,10.14,10.14,60.14,40.14,0.0,5.0,0.0,25.0,50.0,5.0
tile_0240,27.812,15.812000000000001,12.812000000000001,False,False,False,30.47,69.53,0.0,0.0,0.0,75.0,50.0,0.0,30.0,0.0,5.0,0.0,10.0,25.0,5.0,44.53,19.53,69.53,39.53,0.0,5.0,0.0,10.0,25.0,5.0
tile_0241,13.0,8.0,7.0,False,False,False,69.94,30.06,0.0,0.0,0.0,60.0,50.0,10.0,30.0,5.0,5.0,5.0,10.0,25.0,5.0,9.939999999999998,19.939999999999998,20.06,0.05999999999999872,5.0,5.0,5.0,10.0,25.0,5.0
tile_0242,24.419999999999998,24.419999999999998,6.419999999999999,False,False,False,38.95,61.05,0.0,0.0,0.0,75.0,50.0,0.0,0.0,0.0,0.0,0.0,25.0,25.0,25.0,36.05,11.049999999999997,61.05,61.05,0.0,0.0,0.0,25.0,25.0,25.0
tile_0243,31.648000000000003,19.648000000000003,18.648000000000003,False,False,False,20.88,79.12,0.0,0.0,0.0,75.0,50.0,0.0,30.0,0.0,5.0,0.0,10.0,25.0,5.0,54.120000000000005,29.12,79.12,49.120000000000005,0.0,5.0,0.0,10.0,25.0,5.0
tile_0244,14.0,12.0,4.476,False,False,False,71.19,28.81,0.0,0.0,0.0,50.0,50.0,20.0,25.0,5.0,5.0,10.0,25.0,25.0,5.0,21.189999999999998,21.189999999999998,8.809999999999999,3.8099999999999987,5.0,5.0,10.0,25.0,25.0,5.0
tile_0245,10.0,6.0,11.468,False,False,False,86.17,13.83,0.0,0.0,0.0,75.0,75.0,0.0,10.0,0.0,0.0,0.0,10.0,25.0,5.0,11.170000000000002,11.170000000000002,13.83,3.83,0.0,0.0,0.0,10.0,25.0,5.0
tile_0246,29.880000000000003,29.880000000000003,19.880000000000003,False,False,False,25.3,74.7,0.0,0.0,0.0,50.0,50.0,0.0,0.0,0.0,0.0,0.0,20.0,50.0,30.0,24.7,24.7,74.7,74.7,0.0,0.0,0.0,20.0,50.0,30.0
tile_0247,32.244,32.244,24.244,False,False,False,19.39,80.61,0.0,0.0,0.0,50.0,50.0,0.0,0.0,0.0,0.0,0.0,20.0,50.0,30.0,30.61,30.61,80.61,80.61,0.0,0.0,0.0,20.0,50.0,30.0
tile_0248,17.208000000000002,5.208000000000001,5.208000000000001,False,False,False,56.98,43.02,0.0,0.0,0.0,75.0,60.0,0.0,30.0,0.0,5.0,0.0,5.0,25.0,0.0,18.020000000000003,3.020000000000003,43.02,13.020000000000003,0.0,5.0,0.0,5.0,25.0,0.0
tile_0249,17.663999999999998,11.663999999999998,9.663999999999998,False,False,False,55.84,44.16,0.0,0.0,0.0,75.0,60.0,0.0,20.0,0.0,5.0,0.0,10.0,25.0,15.0,19.159999999999997,4.159999999999997,44.16,24.159999999999997,0.0,5.0,0.0,10.0,25.0,15.0
tile_0250,20.0,16.48,13.88,False,False,False,57.8,42.2,0.0,0.0,0.0,50.0,75.0,0.0,0.0,0.0,0.0,0.0,17.0,50.0,6.0,7.799999999999997,17.200000000000003,42.2,42.2,0.0,0.0,0.0,17.0,50.0,6.0
tile_0251,20.0,9.999999999999998,9.652,False,False,False,84.13,15.87,0.0,0.0,0.0,50.0,75.0,0.0,0.0,0.0,0.0,0.0,10.0,50.0,15.0,34.129999999999995,9.129999999999995,15.87,15.87,0.0,0.0,0.0,10.0,50.0,15.0
tile_0252,24.68,12.680000000000001,12.680000000000001,False,False,False,38.3,61.7,0.0,0.0,0.0,75.0,50.0,0.0,30.0,0.0,5.0,0.0,10.0,25.0,5.0,36.7,11.700000000000003,61.7,31.700000000000003,0.0,5.0,0.0,10.0,25.0,5.0
tile_0253,33.532,29.532,27.532,False,False,False,1.17,98.83,0.0,0.0,0.0,50.0,50.0,20.0,25.0,5.0,0.0,10.0,0.0,25.0,25.0,48.83,48.83,78.83,73.83,5.0,0.0,10.0,0.0,25.0,25.0
tile_0254,11.180000000000001,13.180000000000001,19.18,False,False,False,87.95,12.05,0.0,0.0,0.0,60.0,60.0,20.0,20.0,5.0,5.0,5.0,10.0,10.0,15.0,27.950000000000003,27.950000000000003,7.949999999999999,7.949999999999999,5.0,5.0,5.0,10.0,10.0,15.0
tile_0255,27.668,19.668,13.668000000000001,False,False,False,30.83,69.17,0.0,0.0,0.0,50.0,50.0,0.0,25.0,0.0,5.0,0.0,25.0,50.0,5.0,19.17,19.17,69.17,44.17,0.0,5.0,0.0,25.0,50.0,5.0
tile_0256,27.727999999999998,28.727999999999998,31.727999999999998,False,False,False,10.68,89.32,0.0,0.0,0.0,60.0,50.0,20.0,20.0,5.0,5.0,5.0,25.0,10.0,5.0,49.32,39.32,69.32,69.32,5.0,5.0,5.0,25.0,10.0,5.0
tile_0257,28.363999999999997,19.363999999999997,12.0,False,False,False,21.59,78.41,0.0,0.0,0.0,60.0,40.0,10.0,30.0,5.0,5.0,5.0,20.0,25.0,5.0,38.41,18.41,68.41,48.41,5.0,5.0,5.0,20.0,25.0,5.0
tile_0258,21.627999999999997,17.627999999999997,17.627999999999997,False,False,False,25.93,74.07,0.0,0.0,0.0,50.0,40.0,25.0,30.0,10.0,10.0,10.0,10.0,15.0,10.0,24.07,14.07,49.06999999999999,44.06999999999999,10.0,10.0,10.0,10.0,15.0,10.0
tile_0259,25.476,7.475999999999999,13.475999999999999,False,False,False,36.31,63.69,0.0,0.0,0.0,75.0,40.0,0.0,50.0,0.0,5.0,0.0,10.0,25.0,5.0,38.69,3.6899999999999977,63.69,13.689999999999998,0.0,5.0,0.0,10.0,25.0,5.0
tile_0260,21.872000000000003,22.872000000000003,17.872000000000003,False,False,False,25.32,74.68,0.0,0.0,0.0,60.0,50.0,20.0,20.0,5.0,5.0,5.0,25.0,10.0,5.0,34.68,24.68,54.68000000000001,54.68000000000001,5.0,5.0,5.0,25.0,10.0,5.0
tile_0261,36.04,22.04,22.04,False,False,False,9.9,90.1,0.0,0.0,0.0,50.0,40.0,0.0,30.0,0.0,5.0,0.0,10.0,50.0,5.0,40.1,30.1,90.1,60.099999999999994,0.0,5.0,0.0,10.0,50.0,5.0
tile_0262,12.751999999999999,12.0,7.0,False,False,False,68.12,31.88,0.0,0.0,0.0,75.0,50.0,0.0,20.0,0.0,5.0,0.0,10.0,25.0,15.0,6.8799999999999955,18.120000000000005,31.88,11.879999999999999,0.0,5.0,0.0,10.0,25.0,15.0
tile_0263,20.668,8.668000000000001,8.668000000000001,False,False,False,48.33,51.67,0.0,0.0,0.0,75.0,50.0,0.0,30.0,0.0,5.0,0.0,10.0,25.0,5.0,26.67,1.6700000000000017,51.67,21.67,0.0,5.0,0.0,10.0,25.0,5.0
tile_0264,29.74,21.74,16.74,False,False,False,25.65,74.35,0.0,0.0,0.0,75.0,50.0,0.0,25.0,0.0,5.0,0.0,25.0,25.0,5.0,49.35,24.35,74.35,49.349999999999994,0.0,5.0,0.0,25.0,25.0,5.0
tile_0265,24.708000000000002,17.708000000000002,11.708000000000002,False,False,False,38.23,61.77,0.0,0.0,0.0,75.0,50.0,0.0,20.0,0.0,5.0,0.0,25.0,25.0,5.0,36.77,11.770000000000003,61.77,41.77,0.0,5.0,0.0,25.0,25.0,5.0
tile_0266,19.468,20.468,11.468,False,False,False,41.33,58.67,0.0,0.0,0.0,80.0,75.0,0.0,5.0,0.0,0.0,0.0,15.0,0.0,0.0,38.67,33.67,58.67,53.67,0.0,0.0,0.0,15.0,0.0,0.0
tile_0267,10.272000000000002,10.999999999999998,7.999999999999998,False,False,False,64.32,35.68,0.0,0.0,0.0,80.0,60.0,0.0,20.0,0.0,5.0,0.0,25.0,0.0,5.0,15.680000000000007,4.319999999999993,35.68,15.68,0.0,5.0,0.0,25.0,0.0,5.0
tile_0268,4.0,11.0,5.0,False,False,False,100.0,0.0,0.0,0.0,0.0,80.0,75.0,0.0,25.0,0.0,0.0,0.0,5.0,0.0,0.0,20.0,25.0,0.0,25.0,0.0,0.0,0.0,5.0,0.0,0.0
tile_0269,20.0,12.0,5.451999999999999,False,False,False,73.87,26.13,0.0,0.0,0.0,50.0,60.0,0.0,10.0,0.0,0.0,0.0,10.0,50.0,20.0,23.870000000000005,13.870000000000005,26.13,16.13,0.0,0.0,0.0,10.0,50.0,20.0
tile_0270,25.588,17.588,15.588,False,False,False,36.03,63.97,0.0,0.0,0.0,50.0,50.0,0.0,25.0,0.0,5.0,25.0,25.0,25.0,5.0,13.969999999999999,13.969999999999999,63.97,38.97,0.0,5.0,25.0,25.0,25.0,5.0
tile_0271,31.248,17.248,18.248,False,False,False,21.88,78.12,0.0,0.0,0.0,50.0,40.0,0.0,30.0,0.0,5.0,0.0,10.0,50.0,5.0,28.12,18.12,78.12,48.120000000000005,0.0,5.0,0.0,10.0,50.0,5.0
tile_0272,20.992,21.992,21.992,False,False,False,27.52,72.48,0.0,0.0,0.0,50.0,50.0,20.0,20.0,5.0,5.0,5.0,25.0,20.0,5.0,22.48,22.48,52.480000000000004,52.480000000000004,5.0,5.0,5.0,25.0,20.0,5.0
tile_0273,28.387999999999998,16.387999999999998,15.388,False,False,False,29.03,70.97,0.0,0.0,0.0,75.0,50.0,0.0,30.0,0.0,5.0,0.0,10.0,25.0,5.0,45.97,20.97,70.97,40.97,0.0,5.0,0.0,10.0,25.0,5.0
tile_0274,40.0,31.0,20.0,False,False,False,0.0,100.0,0.0,0.0,0.0,75.0,40.0,0.0,20.0,0.0,5.0,0.0,25.0,25.0,5.0,75.0,40.0,100.0,80.0,0.0,5.0,0.0,25.0,25.0,5.0
tile_0275,40.0,20.0,20.0,False,False,False,0.0,100.0,0.0,0.0,0.0,75.0,20.0,0.0,50.0,0.0,10.0,0.0,10.0,25.0,10.0,75.0,20.0,100.0,50.0,0.0,10.0,0.0,10.0,25.0,10.0
tile_0276,29.168,21.168,17.168,False,False,False,27.08,72.92,0.0,0.0,0.0,75.0,50.0,0.0,25.0,0.0,5.0,0.0,25.0,25.0,5.0,47.92,22.92,72.92,47.92,0.0,5.0,0.0,25.0,25.0,5.0
tile_0277,18.296,8.0,8.0,False,False,False,54.26,45.74,0.0,0.0,0.0,75.0,50.0,0.0,30.0,0.0,5.0,0.0,10.0,25.0,5.0,20.740000000000002,4.259999999999998,45.74,15.740000000000002,0.0,5.0,0.0,10.0,25.0,5.0
tile_0278,10.575999999999999,11.575999999999999,5.0,False,False,False,41.06,58.94,0.0,0.0,0.0,50.0,50.0,30.0,30.0,5.0,5.0,5.0,10.0,5.0,5.0,8.939999999999998,8.939999999999998,28.939999999999998,28.939999999999998,5.0,5.0,5.0,10.0,5.0,5.0
tile_0279,32.227999999999994,20.227999999999998,13.227999999999998,False,False,False,19.43,80.57,0.0,0.0,0.0,75.0,50.0,0.0,30.0,0.0,5.0,0.0,10.0,25.0,5.0,55.57,30.57,80.57,50.56999999999999,0.0,5.0,0.0,10.0,25.0,5.0
tile_0280,14.0,20.0,7.0,False,False,False,52.82,47.18,0.0,0.0,0.0,50.0,50.0,20.0,0.0,5.0,0.0,10.0,10.0,25.0,40.0,2.8200000000000003,2.8200000000000003,27.18,47.18,5.0,0.0,10.0,10.0,25.0,40.0
tile_0281,16.712,15.712,13.712,False,False,False,86.78,13.22,0.0,0.0,0.0,50.0,50.0,20.0,20.0,5.0,5.0,10.0,25.0,25.0,5.0,36.78,36.78,6.779999999999999,6.779999999999999,5.0,5.0,10.0,25.0,25.0,5.0
tile_0282,18.5,16.5,11.5,False,False,False,38.75,61.25,0.0,0.0,0.0,50.0,50.0,20.0,20.0,5.0,5.0,10.0,10.0,25.0,15.0,11.25,11.25,41.25,41.25,5.0,5.0,10.0,10.0,25.0,15.0
tile_0283,16.96,13.960000000000003,13.960000000000003,False,False,False,35.1,64.9,0.0,0.0,0.0,50.0,60.0,25.0,30.0,5.0,5.0,5.0,5.0,20.0,0.0,14.899999999999999,24.9,39.900000000000006,34.900000000000006,5.0,5.0,5.0,5.0,20.0,0.0
tile_0284,27.127999999999997,20.127999999999997,14.127999999999997,False,False,False,32.18,67.82,0.0,0.0,0.0,75.0,50.0,0.0,20.0,0.0,5.0,0.0,25.0,25.0,5.0,42.82,17.82,67.82,47.81999999999999,0.0,5.0,0.0,25.0,25.0,5.0
tile_0285,17.788,14.788,13.788,False,False,False,45.53,54.47,0.0,0.0,0.0,80.0,50.0,0.0,20.0,0.0,5.0,0.0,25.0,0.0,5.0,34.47,4.469999999999999,54.47,34.47,0.0,5.0,0.0,25.0,0.0,5.0
tile_0286,10.0,10.0,4.999999999999999,False,False,False,82.8,17.2,0.0,0.0,0.0,75.0,75.0,0.0,0.0,0.0,0.0,0.0,25.0,25.0,0.0,7.799999999999997,7.799999999999997,17.2,17.2,0.0,0.0,0.0,25.0,25.0,0.0
tile_0287,10.0,16.0,18.0,False,False,False,100.0,0.0,0.0,0.0,0.0,75.0,60.0,0.0,20.0,0.0,0.0,0.0,10.0,25.0,10.0,25.0,40.0,0.0,20.0,0.0,0.0,0.0,10.0,25.0,10.0
tile_0288,32.22,27.22,23.22,False,False,False,11.95,88.05,0.0,0.0,0.0,60.0,50.0,10.0,25.0,5.0,5.0,5.0,25.0,25.0,5.0,48.05,38.05,78.05,63.05,5.0,5.0,5.0,25.0,25.0,5.0
tile_0289,30.860000000000003,31.860000000000003,34.86,False,False,False,0.35,99.65,0.0,0.0,0.0,30.0,50.0,20.0,25.0,5.0,5.0,20.0,25.0,20.0,5.0,29.65,49.65,79.65,74.65,5.0,5.0,20.0,25.0,20.0,5.0
tile_0290,20.080000000000002,21.080000000000002,16.080000000000002,False,False,False,29.8,70.2,0.0,0.0,0.0,50.0,50.0,20.0,20.0,5.0,5.0,5.0,25.0,20.0,5.0,20.2,20.2,50.2,50.2,5.0,5.0,5.0,25.0,20.0,5.0
tile_0291,15.080000000000002,8.0,5.0,False,False,False,62.3,37.7,0.0,0.0,0.0,80.0,50.0,0.0,30.0,0.0,5.0,0.0,10.0,20.0,5.0,17.700000000000003,12.299999999999997,37.7,7.700000000000003,0.0,5.0,0.0,10.0,20.0,5.0
tile_0292,32.08,18.080000000000002,19.080000000000002,False,False,False,19.8,80.2,0.0,0.0,0.0,75.0,40.0,0.0,30.0,0.0,5.0,0.0,10.0,25.0,5.0,55.2,20.2,80.2,50.2,0.0,5.0,0.0,10.0,25.0,5.0
tile_0293,32.708,20.708,16.708,False,False,False,18.23,81.77,0.0,0.0,0.0,75.0,50.0,0.0,30.0,0.0,5.0,0.0,10.0,25.0,5.0,56.769999999999996,31.77,81.77,51.769999999999996,0.0,5.0,0.0,10.0,25.0,5.0
tile_0294,26.48,14.48,10.48,False,False,False,33.8,66.2,0.0,0.0,0.0,75.0,50.0,0.0,30.0,0.0,5.0,0.0,10.0,25.0,5.0,41.2,16.200000000000003,66.2,36.2,0.0,5.0,0.0,10.0,25.0,5.0
tile_0295,33.8,21.8,19.8,False,False,False,15.5,84.5,0.0,0.0,0.0,75.0,50.0,0.0,30.0,0.0,5.0,0.0,10.0,25.0,5.0,59.5,34.5,84.5,54.5,0.0,5.0,0.0,10.0,25.0,5.0
tile_0296,14.712,8.0,8.0,False,False,False,66.78,33.22,0.0,0.0,0.0,30.0,50.0,40.0,30.0,0.0,5.0,10.0,10.0,20.0,5.0,36.78,16.78,6.780000000000001,3.219999999999999,0.0,5.0,10.0,10.0,20.0,5.0
tile_0297,10.0,17.788,16.788,False,False,False,94.47,5.53,0.0,0.0,0.0,75.0,50.0,0.0,25.0,0.0,0.0,0.0,10.0,25.0,15.0,19.47,44.47,5.53,19.47,0.0,0.0,0.0,10.0,25.0,15.0
tile_0298,10.0,14.0,9.904000000000002,False,False,False,77.26,22.74,0.0,0.0,0.0,75.0,50.0,0.0,20.0,0.0,5.0,0.0,10.0,25.0,25.0,2.260000000000005,27.260000000000005,22.74,2.7399999999999984,0.0,5.0,0.0,10.0,25.0,25.0
tile_0299,12.016000000000002,7.999999999999998,7.999999999999998,False,False,False,69.96,30.04,0.0,0.0,0.0,75.0,50.0,0.0,30.0,0.0,5.0,0.0,10.0,25.0,5.0,5.040000000000006,19.959999999999994,30.04,0.03999999999999915,0.0,5.0,0.0,10.0,25.0,5.0
tile_0300,25.951999999999998,15.951999999999998,12.951999999999998,False,False,False,35.12,64.88,0.0,0.0,0.0,50.0,50.0,0.0,25.0,0.0,5.0,0.0,10.0,50.0,10.0,14.880000000000003,14.880000000000003,64.88,39.879999999999995,0.0,5.0,0.0,10.0,50.0,10.0
tile_0301,20.868000000000002,8.868,7.868,False,False,False,47.83,52.17,0.0,0.0,0.0,75.0,50.0,0.0,30.0,0.0,5.0,0.0,10.0,25.0,5.0,27.17,2.1700000000000017,52.17,22.17,0.0,5.0,0.0,10.0,25.0,5.0
tile_0302,6.463999999999999,13.0,11.0,False,False,False,73.84,26.16,0.0,0.0,0.0,80.0,50.0,0.0,20.0,0.0,5.0,0.0,25.0,0.0,5.0,6.159999999999997,23.840000000000003,26.16,6.16,0.0,5.0,0.0,25.0,0.0,5.0
tile_0303,10.0,10.687999999999999,14.687999999999999,False,False,False,86.72,13.28,0.0,0.0,0.0,75.0,60.0,0.0,30.0,0.0,5.0,0.0,5.0,25.0,0.0,11.719999999999999,26.72,13.28,16.72,0.0,5.0,0.0,5.0,25.0,0.0
tile_0304,10.000000000000002,3.0000000000000013,10.316,False,False,False,85.79,14.21,0.0,0.0,0.0,75.0,75.0,0.0,10.0,0.0,0.0,0.0,0.0,25.0,0.0,10.790000000000006,10.790000000000006,14.21,4.210000000000001,0.0,0.0,0.0,0.0,25.0,0.0
tile_0305,10.0,10.0,10.0,False,False,False,100.0,0.0,0.0,0.0,0.0,75.0,75.0,0.0,0.0,0.0,0.0,0.0,0.0,25.0,25.0,25.0,25.0,0.0,0.0,0.0,0.0,0.0,0.0,25.0,25.0
tile_0306,36.0,31.0,20.0,False,False,False,0.0,100.0,0.0,0.0,0.0,40.0,30.0,10.0,20.0,0.0,5.0,0.0,20.0,50.0,20.0,40.0,30.0,90.0,80.0,0.0,5.0,0.0,20.0,50.0,20.0
tile_0307,39.892,30.892000000000003,34.892,False,False,False,0.27,99.73,0.0,0.0,0.0,50.0,40.0,0.0,20.0,0.0,5.0,0.0,25.0,50.0,5.0,49.73,39.73,99.73,79.73,0.0,5.0,0.0,25.0,50.0,5.0
tile_0308,21.631999999999998,9.632,8.632,False,False,False,45.92,54.08,0.0,0.0,0.0,75.0,50.0,0.0,30.0,0.0,5.0,0.0,10.0,25.0,5.0,29.08,4.079999999999998,54.08,24.08,0.0,5.0,0.0,10.0,25.0,5.0
tile_0309,32.019999999999996,18.02,14.02,False,False,False,19.95,80.05,0.0,0.0,0.0,50.0,40.0,0.0,30.0,0.0,5.0,0.0,10.0,50.0,5.0,30.05,20.05,80.05,50.05,0.0,5.0,0.0,10.0,50.0,5.0
tile_0310,19.352,11.352,6.0,False,False,False,41.62,58.38,0.0,0.0,0.0,80.0,50.0,0.0,30.0,0.0,5.0,0.0,10.0,0.0,5.0,38.38,8.380000000000003,58.38,28.380000000000003,0.0,5.0,0.0,10.0,0.0,5.0
tile_0311,25.496000000000002,15.496,13.496,False,False,False,36.26,63.74,0.0,0.0,0.0,75.0,50.0,0.0,25.0,0.0,5.0,0.0,10.0,25.0,10.0,38.74,13.740000000000002,63.74,38.74,0.0,5.0,0.0,10.0,25.0,10.0
tile_0312,14.52,12.0,7.0,False,False,False,63.7,36.3,0.0,0.0,0.0,75.0,50.0,0.0,25.0,0.0,5.0,0.0,25.0,25.0,5.0,11.299999999999997,13.700000000000003,36.3,11.299999999999997,0.0,5.0,0.0,25.0,25.0,5.0
tile_0313,22.672,12.0,10.0,False,False,False,43.32,56.68,0.0,0.0,0.0,75.0,40.0,0.0,30.0,0.0,5.0,0.0,20.0,25.0,5.0,31.68,3.3200000000000003,56.68,26.68,0.0,5.0,0.0,20.0,25.0,5.0
tile_0314,7.0,10.0,10.0,False,False,False,68.86,31.14,0.0,0.0,0.0,50.0,40.0,30.0,30.0,5.0,5.0,5.0,10.0,5.0,5.0,18.86,28.86,1.1400000000000006,1.1400000000000006,5.0,5.0,5.0,10.0,5.0,5.0
tile_0315,10.0,20.0,19.0,False,False,False,100.0,0.0,0.0,0.0,0.0,75.0,50.0,10.0,30.0,0.0,5.0,0.0,10.0,15.0,5.0,25.0,50.0,10.0,30.0,0.0,5.0,0.0,10.0,15.0,5.0
tile_0316,4.0,8.0,4.144,False,False,False,92.86,7.14,0.0,0.0,0.0,80.0,75.0,0.0,0.0,0.0,0.0,0.0,15.0,0.0,0.0,12.86,17.86,7.14,7.14,0.0,0.0,0.0,15.0,0.0,0.0
tile_0317,19.348000000000003,13.348000000000003,11.748000000000001,False,False,False,93.37,6.63,0.0,0.0,0.0,50.0,60.0,20.0,20.0,5.0,0.0,10.0,10.0,25.0,10.0,43.370000000000005,33.370000000000005,13.370000000000001,13.370000000000001,5.0,0.0,10.0,10.0,25.0,10.0
tile_0318,24.32,20.32,15.319999999999999,False,False,False,29.2,70.8,0.0,0.0,0.0,80.0,50.0,0.0,25.0,0.0,5.0,0.0,25.0,0.0,5.0,50.8,20.8,70.8,45.8,0.0,5.0,0.0,25.0,0.0,5.0
tile_0319,8.051999999999998,13.0,4.000000000000001,False,False,False,69.87,30.13,0.0,0.0,0.0,80.0,50.0,0.0,20.0,0.0,5.0,0.0,25.0,0.0,5.0,10.129999999999995,19.870000000000005,30.13,10.129999999999999,0.0,5.0,0.0,25.0,0.0,5.0
tile_0320,13.532,12.532,13.532,False,False,False,56.17,43.83,0.0,0.0,0.0,80.0,60.0,0.0,20.0,0.0,5.0,0.0,25.0,0.0,5.0,23.83,3.8299999999999983,43.83,23.83,0.0,5.0,0.0,25.0,0.0,5.0
tile_0321,14.419999999999998,8.0,8.0,False,False,False,53.95,46.05,0.0,0.0,0.0,75.0,50.0,10.0,30.0,0.0,5.0,0.0,10.0,15.0,5.0,21.049999999999997,3.950000000000003,36.05,16.049999999999997,0.0,5.0,0.0,10.0,15.0,5.0
tile_0322,10.0,10.0,5.212000000000001,False,False,False,88.03,11.97,0.0,0.0,0.0,75.0,75.0,0.0,0.0,0.0,0.0,0.0,0.0,25.0,25.0,13.030000000000001,13.030000000000001,11.97,11.97,0.0,0.0,0.0,0.0,25.0,25.0
tile_0323,10.0,4.0,4.0,False,False,False,100.0,0.0,0.0,0.0,0.0,75.0,80.0,0.0,0.0,0.0,0.0,0.0,0.0,25.0,0.0,25.0,20.0,0.0,0.0,0.0,0.0,0.0,0.0,25.0,0.0
tile_0324,40.0,28.0,22.0,False,False,False,0.0,100.0,0.0,0.0,0.0,50.0,40.0,0.0,30.0,0.0,5.0,0.0,20.0,50.0,5.0,50.0,40.0,100.0,70.0,0.0,5.0,0.0,20.0,50.0,5.0
tile_0325,20.0,18.04,12.040000000000001,False,False,False,54.9,45.1,0.0,0.0,0.0,50.0,60.0,0.0,0.0,0.0,0.0,0.0,20.0,50.0,20.0,4.899999999999999,5.100000000000001,45.1,45.1,0.0,0.0,0.0,20.0,50.0,20.0
tile_0326,10.0,16.292,16.292,False,False,False,90.73,9.27,0.0,0.0,0.0,75.0,50.0,0.0,20.0,0.0,5.0,0.0,10.0,25.0,15.0,15.730000000000004,40.730000000000004,9.27,10.73,0.0,5.0,0.0,10.0,25.0,15.0
tile_0327,23.752000000000002,11.752,7.4,False,False,False,40.62,59.38,0.0,0.0,0.0,75.0,50.0,0.0,30.0,0.0,5.0,0.0,10.0,25.0,5.0,34.38,9.380000000000003,59.38,29.380000000000003,0.0,5.0,0.0,10.0,25.0,5.0
tile_0328,20.604,10.604,9.0,False,False,False,48.49,51.51,0.0,0.0,0.0,75.0,50.0,0.0,25.0,0.0,5.0,0.0,10.0,25.0,10.0,26.509999999999998,1.509999999999998,51.51,26.509999999999998,0.0,5.0,0.0,10.0,25.0,10.0
tile_0329,25.264,13.264,13.264,False,False,False,36.84,63.16,0.0,0.0,0.0,50.0,50.0,0.0,30.0,0.0,5.0,0.0,10.0,50.0,5.0,13.159999999999997,13.159999999999997,63.16,33.16,0.0,5.0,0.0,10.0,50.0,5.0
tile_0330,16.863999999999997,8.0,7.0,False,False,False,57.84,42.16,0.0,0.0,0.0,75.0,50.0,0.0,30.0,0.0,5.0,0.0,10.0,25.0,5.0,17.159999999999997,7.840000000000003,42.16,12.159999999999997,0.0,5.0,0.0,10.0,25.0,5.0
tile_0331,3.516000000000001,7.999999999999998,6.999999999999998,False,False,False,66.21,33.79,0.0,0.0,0.0,75.0,50.0,25.0,30.0,0.0,5.0,0.0,10.0,0.0,5.0,8.790000000000006,16.209999999999994,8.79,3.789999999999999,0.0,5.0,0.0,10.0,0.0,5.0
tile_0332,29.136000000000003,20.136000000000003,16.136000000000003,False,False,False,27.16,72.84,0.0,0.0,0.0,75.0,75.0,0.0,25.0,0.0,0.0,0.0,5.0,25.0,0.0,47.84,47.84,72.84,47.84,0.0,0.0,0.0,5.0,25.0,0.0
tile_0333,20.0,12.912,12.912,False,False,False,92.28,7.72,0.0,0.0,0.0,50.0,60.0,0.0,30.0,0.0,5.0,0.0,5.0,50.0,0.0,42.28,32.28,7.72,22.28,0.0,5.0,0.0,5.0,50.0,0.0
tile_0334,10.0,10.056000000000001,10.056000000000001,False,False,False,75.14,24.86,0.0,0.0,0.0,75.0,50.0,0.0,30.0,0.0,5.0,0.0,10.0,25.0,5.0,0.14000000000000057,25.14,24.86,5.140000000000001,0.0,5.0,0.0,10.0,25.0,5.0
tile_0335,19.092,11.0,11.091999999999999,False,False,False,52.27,47.73,0.0,0.0,0.0,75.0,50.0,0.0,25.0,0.0,0.0,0.0,25.0,25.0,5.0,22.729999999999997,2.270000000000003,47.73,22.729999999999997,0.0,0.0,0.0,25.0,25.0,5.0
tile_0336,18.732,17.732,15.732,False,False,False,91.83,8.17,0.0,0.0,0.0,50.0,50.0,20.0,25.0,5.0,0.0,10.0,25.0,25.0,5.0,41.83,41.83,11.83,16.83,5.0,0.0,10.0,25.0,25.0,5.0
tile_0337,11.999999999999998,11.999999999999998,7.999999999999998,False,False,False,65.63,34.37,0.0,0.0,0.0,50.0,50.0,20.0,20.0,5.0,5.0,5.0,10.0,20.0,15.0,15.629999999999995,15.629999999999995,14.369999999999997,14.369999999999997,5.0,5.0,5.0,10.0,20.0,15.0
tile_0338,12.0,10.2,7.0,False,False,False,59.5,40.5,0.0,0.0,0.0,50.0,60.0,20.0,20.0,5.0,10.0,5.0,10.0,20.0,10.0,9.5,0.5,20.5,20.5,5.0,10.0,5.0,10.0,20.0,10.0
tile_0339,35.324,23.324,23.324,False,False,False,11.69,88.31,0.0,0.0,0.0,75.0,50.0,0.0,30.0,0.0,5.0,0.0,10.0,25.0,5.0,63.31,38.31,88.31,58.31,0.0,5.0,0.0,10.0,25.0,5.0
tile_0340,3.999999999999999,4.9079999999999995,7.907999999999999,False,False,False,94.77,5.23,0.0,0.0,0.0,80.0,75.0,0.0,10.0,0.0,0.0,0.0,0.0,0.0,0.0,14.769999999999996,19.769999999999996,5.23,4.77,0.0,0.0,0.0,0.0,0.0,0.0
tile_0341,10.0,10.0,2.999999999999999,False,False,False,89.91,10.09,0.0,0.0,0.0,75.0,75.0,0.0,0.0,0.0,0.0,10.0,10.0,15.0,15.0,14.909999999999997,14.909999999999997,10.09,10.09,0.0,0.0,10.0,10.0,15.0,15.0
tile_0342,17.712,10.0,10.0,False,False,False,40.72,59.28,0.0,0.0,0.0,50.0,40.0,20.0,30.0,5.0,5.0,10.0,10.0,25.0,5.0,9.280000000000001,0.7199999999999989,39.28,29.28,5.0,5.0,10.0,10.0,25.0,5.0
tile_0343,23.648000000000003,23.648000000000003,23.648000000000003,False,False,False,5.88,94.12,0.0,0.0,0.0,40.0,40.0,30.0,30.0,5.0,5.0,10.0,10.0,5.0,5.0,34.12,34.12,64.12,64.12,5.0,5.0,10.0,10.0,5.0,5.0
tile_0344,8.863999999999999,8.0,8.0,False,False,False,67.84,32.16,0.0,0.0,0.0,80.0,50.0,0.0,30.0,0.0,5.0,0.0,10.0,0.0,5.0,12.159999999999997,17.840000000000003,32.16,2.1599999999999966,0.0,5.0,0.0,10.0,0.0,5.0
tile_0345,5.999999999999999,16.82,15.819999999999999,False,False,False,89.55,10.45,0.0,0.0,0.0,75.0,50.0,10.0,20.0,0.0,5.0,0.0,25.0,15.0,5.0,14.549999999999997,39.55,0.4499999999999993,9.55,0.0,5.0,0.0,25.0,15.0,5.0
tile_0346,14.0,13.0,12.0,False,False,False,64.61,35.39,0.0,0.0,0.0,50.0,50.0,20.0,20.0,5.0,5.0,10.0,25.0,25.0,5.0,14.61,14.61,15.39,15.39,5.0,5.0,10.0,25.0,25.0,5.0
tile_0347,26.224,22.224,18.224,False,False,False,34.44,65.56,0.0,0.0,0.0,50.0,60.0,0.0,10.0,0.0,0.0,0.0,20.0,50.0,10.0,15.560000000000002,25.560000000000002,65.56,55.56,0.0,0.0,0.0,20.0,50.0,10.0
tile_0348,16.736,16.736,8.736,False,False,False,58.16,41.84,0.0,0.0,0.0,75.0,75.0,0.0,0.0,0.0,0.0,0.0,10.0,25.0,15.0,16.840000000000003,16.840000000000003,41.84,41.84,0.0,0.0,0.0,10.0,25.0,15.0
tile_0349,12.495999999999999,12.495999999999999,4.000000000000001,False,False,False,68.76,31.24,0.0,0.0,0.0,75.0,75.0,0.0,0.0,0.0,0.0,0.0,10.0,25.0,15.0,6.239999999999995,6.239999999999995,31.24,31.24,0.0,0.0,0.0,10.0,25.0,15.0
tile_0350,10.84,8.0,7.0,False,False,False,52.9,47.1,0.0,0.0,0.0,60.0,50.0,20.0,30.0,5.0,5.0,5.0,10.0,10.0,5.0,7.100000000000001,2.8999999999999986,27.1,17.1,5.0,5.0,5.0,10.0,10.0,5.0
tile_0351,4.0,19.956,21.956,False,False,False,99.89,0.11,0.0,0.0,0.0,80.0,50.0,0.0,30.0,0.0,5.0,0.0,10.0,0.0,5.0,19.89,49.89,0.11,29.89,0.0,5.0,0.0,10.0,0.0,5.0
tile_0352,24.404,10.404,10.404,False,False,False,38.99,61.01,0.0,0.0,0.0,75.0,40.0,0.0,30.0,0.0,5.0,0.0,10.0,25.0,5.0,36.01,1.009999999999998,61.01,31.009999999999998,0.0,5.0,0.0,10.0,25.0,5.0
tile_0353,26.78,12.780000000000001,12.780000000000001,False,False,False,33.05,66.95,0.0,0.0,0.0,75.0,40.0,0.0,30.0,0.0,5.0,0.0,10.0,25.0,5.0,41.95,6.950000000000003,66.95,36.95,0.0,5.0,0.0,10.0,25.0,5.0
tile_0354,12.404000000000002,13.0,10.0,False,False,False,68.99,31.01,0.0,0.0,0.0,75.0,50.0,0.0,20.0,0.0,5.0,0.0,25.0,25.0,5.0,6.010000000000005,18.989999999999995,31.01,11.010000000000002,0.0,5.0,0.0,25.0,25.0,5.0
tile_0355,28.312,21.312,16.312,False,False,False,29.22,70.78,0.0,0.0,0.0,50.0,50.0,0.0,20.0,0.0,5.0,0.0,25.0,50.0,5.0,20.78,20.78,70.78,50.78,0.0,5.0,0.0,25.0,50.0,5.0
tile_0356,12.0,11.0,8.0,False,False,False,69.08,30.92,0.0,0.0,0.0,50.0,50.0,20.0,25.0,5.0,0.0,5.0,25.0,20.0,5.0,19.08,19.08,10.920000000000002,5.920000000000002,5.0,0.0,5.0,25.0,20.0,5.0
tile_0357,27.508,23.508,19.508,False,False,False,31.23,68.77,0.0,0.0,0.0,75.0,75.0,0.0,10.0,0.0,0.0,0.0,10.0,25.0,5.0,43.769999999999996,43.769999999999996,68.77,58.769999999999996,0.0,0.0,0.0,10.0,25.0,5.0
tile_0358,23.812,23.812,26.812,False,False,False,7.97,92.03,0.0,0.0,0.0,50.0,50.0,30.0,30.0,5.0,5.0,5.0,5.0,5.0,5.0,42.03,42.03,62.03,62.03,5.0,5.0,5.0,5.0,5.0,5.0
tile_0359,23.072000000000003,29.072000000000003,29.072000000000003,False,False,False,27.32,72.68,0.0,0.0,0.0,50.0,50.0,20.0,0.0,5.0,0.0,10.0,0.0,25.0,50.0,22.68,22.68,52.68000000000001,72.68,5.0,0.0,10.0,0.0,25.0,50.0
tile_0360,21.588,15.588,12.588,False,False,False,36.03,63.97,0.0,0.0,0.0,80.0,50.0,0.0,25.0,0.0,5.0,0.0,10.0,0.0,10.0,43.97,13.969999999999999,63.97,38.97,0.0,5.0,0.0,10.0,0.0,10.0
tile_0361,33.616,25.616000000000003,27.616000000000003,False,False,False,0.96,99.04,0.0,0.0,0.0,50.0,40.0,20.0,30.0,5.0,5.0,10.0,10.0,25.0,5.0,49.04,39.04,79.04,69.04,5.0,5.0,10.0,10.0,25.0,5.0
tile_0362,11.656,12.656,12.656,False,False,False,38.36,61.64,0.0,0.0,0.0,50.0,50.0,30.0,30.0,5.0,5.0,5.0,10.0,5.0,5.0,11.64,11.64,31.64,31.64,5.0,5.0,5.0,10.0,5.0,5.0
tile_0363,20.552,12.552000000000001,8.552000000000001,False,False,False,48.62,51.38,0.0,0.0,0.0,75.0,50.0,0.0,25.0,0.0,5.0,0.0,25.0,25.0,5.0,26.380000000000003,1.3800000000000026,51.38,26.380000000000003,0.0,5.0,0.0,25.0,25.0,5.0
tile_0364,17.592,8.0,7.0,False,False,False,56.02,43.98,0.0,0.0,0.0,75.0,50.0,0.0,30.0,0.0,5.0,0.0,10.0,25.0,5.0,18.979999999999997,6.020000000000003,43.98,13.979999999999997,0.0,5.0,0.0,10.0,25.0,5.0
tile_0365,21.072,9.072,9.072,False,False,False,47.32,52.68,0.0,0.0,0.0,75.0,50.0,0.0,30.0,0.0,5.0,0.0,10.0,25.0,5.0,27.68,2.6799999999999997,52.68,22.68,0.0,5.0,0.0,10.0,25.0,5.0
tile_0366,14.48,8.0,7.0,False,False,False,63.8,36.2,0.0,0.0,0.0,75.0,50.0,0.0,30.0,0.0,5.0,0.0,10.0,25.0,5.0,11.200000000000003,13.799999999999997,36.2,6.200000000000003,0.0,5.0,0.0,10.0,25.0,5.0
tile_0367,13.959999999999999,11.959999999999999,8.0,False,False,False,55.1,44.9,0.0,0.0,0.0,80.0,60.0,0.0,20.0,0.0,5.0,0.0,10.0,0.0,15.0,24.9,4.899999999999999,44.9,24.9,0.0,5.0,0.0,10.0,0.0,15.0
tile_0368,15.724,11.0,7.0,False,False,False,60.69,39.31,0.0,0.0,0.0,75.0,50.0,0.0,25.0,0.0,0.0,0.0,25.0,25.0,5.0,14.310000000000002,10.689999999999998,39.31,14.310000000000002,0.0,0.0,0.0,25.0,25.0,5.0
tile_0369,10.272000000000002,10.272000000000002,9.999999999999998,False,False,False,74.32,25.68,0.0,0.0,0.0,75.0,75.0,0.0,0.0,0.0,0.0,0.0,10.0,25.0,15.0,0.6800000000000068,0.6800000000000068,25.68,25.68,0.0,0.0,0.0,10.0,25.0,15.0
tile_0370,17.452,11.0,7.0,False,False,False,56.37,43.63,0.0,0.0,0.0,75.0,50.0,0.0,25.0,0.0,0.0,0.0,25.0,25.0,5.0,18.630000000000003,6.369999999999997,43.63,18.630000000000003,0.0,0.0,0.0,25.0,25.0,5.0
tile_0371,10.0,12.580000000000002,9.580000000000002,False,False,False,83.95,16.05,0.0,0.0,0.0,75.0,60.0,0.0,20.0,0.0,5.0,0.0,25.0,25.0,5.0,8.950000000000003,23.950000000000003,16.05,3.9499999999999993,0.0,5.0,0.0,25.0,25.0,5.0
tile_0372,14.0,11.16,11.16,False,False,False,77.9,22.1,0.0,0.0,0.0,50.0,50.0,20.0,25.0,5.0,0.0,10.0,10.0,25.0,15.0,27.900000000000006,27.900000000000006,2.1000000000000014,2.8999999999999986,5.0,0.0,10.0,10.0,25.0,15.0
tile_0373,32.0,28.0,24.0,False,False,False,0.0,100.0,0.0,0.0,0.0,50.0,20.0,20.0,30.0,5.0,5.0,5.0,20.0,20.0,25.0,50.0,20.0,80.0,70.0,5.0,5.0,5.0,20.0,20.0,25.0
tile_0374,27.996,29.996,27.996,False,False,False,10.01,89.99,0.0,0.0,0.0,40.0,50.0,20.0,20.0,5.0,5.0,10.0,10.0,25.0,25.0,29.990000000000002,39.99,69.99,69.99,5.0,5.0,10.0,10.0,25.0,25.0
tile_0375,36.676,22.676,16.676,False,False,False,8.31,91.69,0.0,0.0,0.0,50.0,30.0,0.0,40.0,0.0,5.0,0.0,10.0,50.0,25.0,41.69,21.689999999999998,91.69,51.69,0.0,5.0,0.0,10.0,50.0,25.0
tile_0376,19.812,20.812,20.812,False,False,False,25.47,74.53,0.0,0.0,0.0,50.0,50.0,25.0,25.0,0.0,0.0,0.0,25.0,25.0,5.0,24.53,24.53,49.53,49.53,0.0,0.0,0.0,25.0,25.0,5.0
tile_0377,32.532,32.132,20.532,False,False,False,18.67,81.33,0.0,0.0,0.0,50.0,50.0,0.0,0.0,0.0,0.0,0.0,20.0,50.0,28.0,31.33,31.33,81.33,81.33,0.0,0.0,0.0,20.0,50.0,28.0
