tile_id,x0,y0,x1,y1,lr_shape,sr_shape,gt_shape
tile_0000,-5774709.81,-3616540.65,-5773959.91,-3615790.75,64x64,314x314,1832x1841
tile_0001,-5773959.91,-3616540.65,-5773210.01,-3615790.75,64x64,314x314,1832x1841
tile_0002,-5773210.01,-3616540.65,-5772460.11,-3615790.75,64x64,314x314,1832x1841
tile_0003,-5772460.11,-3616540.65,-5771710.21,-3615790.75,64x64,314x314,1832x1841
tile_0004,-5771710.21,-3616540.65,-5770960.31,-3615790.75,64x64,314x314,1832x1841
tile_0005,-5770960.31,-3616540.65,-5770210.41,-3615790.75,64x64,314x314,1832x1841
tile_0006,-5770210.41,-3616540.65,-5769460.5,-3615790.75,64x64,314x314,1832x1841
tile_0007,-5769460.5,-3616540.65,-5768710.6,-3615790.75,64x64,314x314,1832x1841
tile_0008,-5768710.6,-3616540.65,-5767960.7,-3615790.75,64x64,314x314,1832x1841
tile_0009,-5767960.7,-3616540.65,-5767210.8,-3615790.75,64x64,314x314,1832x1841
tile_0010,-5767210.8,-3616540.65,-5766460.9,-3615790.75,64x64,314x314,1832x1841
tile_0011,-5766460.9,-3616540.65,-5765711.0,-3615790.75,64x64,314x314,1832x1841
tile_0012,-5765711.0,-3616540.65,-5764961.09,-3615790.75,64x64,314x314,1832x1841
tile_0013,-5764961.09,-3616540.65,-5764211.19,-3615790.75,64x64,314x314,1832x1841
tile_0014,-5764211.19,-3616540.65,-5763461.29,-3615790.75,64x64,314x314,1832x1841
tile_0015,-5763461.29,-3616540.65,-5762711.39,-3615790.75,64x64,314x314,1832x1841
tile_0016,-5762711.39,-3616540.65,-5761961.49,-3615790.75,64x64,314x314,1832x1841
tile_0017,-5761961.49,-3616540.65,-5761211.59,-3615790.75,64x64,314x314,1832x1841
tile_0018,-5774709.81,-3615790.75,-5773959.91,-3615040.84,64x64,314x314,1832x1841
tile_0019,-5773959.91,-3615790.75,-5773210.01,-3615040.84,64x64,314x314,1832x1841
tile_0020,-5773210.01,-3615790.75,-5772460.11,-3615040.84,64x64,314x314,1832x1841
tile_0021,-5772460.11,-3615790.75,-5771710.21,-3615040.84,64x64,314x314,1832x1841
tile_0022,-5771710.21,-3615790.75,-5770960.31,-3615040.84,64x64,314x314,1832x1841
tile_0023,-5770960.31,-3615790.75,-5770210.41,-3615040.84,64x64,314x314,1832x1841
tile_0024,-5770210.41,-3615790.75,-5769460.5,-3615040.84,64x64,314x314,1832x1841
tile_0025,-5769460.5,-3615790.75,-5768710.6,-3615040.84,64x64,314x314,1832x1841
tile_0026,-5768710.6,-3615790.75,-5767960.7,-3615040.84,64x64,314x314,1832x1841
tile_0027,-5767960.7,-3615790.75,-5767210.8,-3615040.84,64x64,314x314,1832x1841
tile_0028,-5767210.8,-3615790.75,-5766460.9,-3615040.84,64x64,314x314,1832x1841
tile_0029,-5766460.9,-3615790.75,-5765711.0,-3615040.84,64x64,314x314,1832x1841
tile_0030,-5765711.0,-3615790.75,-5764961.09,-3615040.84,64x64,314x314,1832x1841
tile_0031,-5764961.09,-3615790.75,-5764211.19,-3615040.84,64x64,314x314,1832x1841
tile_0032,-5764211.19,-3615790.75,-5763461.29,-3615040.84,64x64,314x314,1832x1841
tile_0033,-5763461.29,-3615790.75,-5762711.39,-3615040.84,64x64,314x314,1832x1841
tile_0034,-5762711.39,-3615790.75,-5761961.49,-3615040.84,64x64,314x314,1832x1841
tile_0035,-5761961.49,-3615790.75,-5761211.59,-3615040.84,64x64,314x314,1832x1841
tile_0036,-5774709.81,-3615040.84,-5773959.91,-3614290.94,64x64,314x314,1832x1841
tile_0037,-5773959.91,-3615040.84,-5773210.01,-3614290.94,64x64,314x314,1832x1841
tile_0038,-5773210.01,-3615040.84,-5772460.11,-3614290.94,64x64,314x314,1832x1841
tile_0039,-5772460.11,-3615040.84,-5771710.21,-3614290.94,64x64,314x314,1832x1841
tile_0040,-5771710.21,-3615040.84,-5770960.31,-3614290.94,64x64,314x314,1832x1841
tile_0041,-5770960.31,-3615040.84,-5770210.41,-3614290.94,64x64,314x314,1832x1841
tile_0042,-5770210.41,-3615040.84,-5769460.5,-3614290.94,64x64,314x314,1832x1841
tile_0043,-5769460.5,-3615040.84,-5768710.6,-3614290.94,64x64,314x314,1832x1841
tile_0044,-5768710.6,-3615040.84,-5767960.7,-3614290.94,64x64,314x314,1832x1841
tile_0045,-5767960.7,-3615040.84,-5767210.8,-3614290.94,64x64,314x314,1832x1841
tile_0046,-5767210.8,-3615040.84,-5766460.9,-3614290.94,64x64,314x314,1832x1841
tile_0047,-5766460.9,-3615040.84,-5765711.0,-3614290.94,64x64,314x314,1832x1841
tile_0048,-5765711.0,-3615040.84,-5764961.09,-3614290.94,64x64,314x314,1832x1841
tile_0049,-5764961.09,-3615040.84,-5764211.19,-3614290.94,64x64,314x314,1832x1841
tile_0050,-5764211.19,-3615040.84,-5763461.29,-3614290.94,64x64,314x314,1832x1841
tile_0051,-5763461.29,-3615040.84,-5762711.39,-3614290.94,64x64,314x314,1832x1841
tile_0052,-5762711.39,-3615040.84,-5761961.49,-3614290.94,64x64,314x314,1832x1841
tile_0053,-5761961.49,-3615040.84,-5761211.59,-3614290.94,64x64,314x314,1832x1841
tile_0054,-5774709.81,-3614290.94,-5773959.91,-3613541.04,64x64,314x314,1832x1841
tile_0055,-5773959.91,-3614290.94,-5773210.01,-3613541.04,64x64,314x314,1832x1841
tile_0056,-5773210.01,-3614290.94,-5772460.11,-3613541.04,64x64,314x314,1832x1841
tile_0057,-5772460.11,-3614290.94,-5771710.21,-3613541.04,64x64,314x314,1832x1841
tile_0058,-5771710.21,-3614290.94,-5770960.31,-3613541.04,64x64,314x314,1832x1841
tile_0059,-5770960.31,-3614290.94,-5770210.41,-3613541.04,64x64,314x314,1832x1841
tile_0060,-5770210.41,-3614290.94,-5769460.5,-3613541.04,64x64,314x314,1832x1841
tile_0061,-5769460.5,-3614290.94,-5768710.6,-3613541.04,64x64,314x314,1832x1841
tile_0062,-5768710.6,-3614290.94,-5767960.7,-3613541.04,64x64,314x314,1832x1841
tile_0063,-5767960.7,-3614290.94,-5767210.8,-3613541.04,64x64,314x314,1832x1841
tile_0064,-5767210.8,-3614290.94,-5766460.9,-3613541.04,64x64,314x314,1832x1841
tile_0065,-5766460.9,-3614290.94,-5765711.0,-3613541.04,64x64,314x314,1832x1841
tile_0066,-5765711.0,-3614290.94,-5764961.09,-3613541.04,64x64,314x314,1832x1841
tile_0067,-5764961.09,-3614290.94,-5764211.19,-3613541.04,64x64,314x314,1832x1841
tile_0068,-5764211.19,-3614290.94,-5763461.29,-3613541.04,64x64,314x314,1832x1841
tile_0069,-5763461.29,-3614290.94,-5762711.39,-3613541.04,64x64,314x314,1832x1841
tile_0070,-5762711.39,-3614290.94,-5761961.49,-3613541.04,64x64,314x314,1832x1841
tile_0071,-5761961.49,-3614290.94,-5761211.59,-3613541.04,64x64,314x314,1832x1841
tile_0072,-5774709.81,-3613541.04,-5773959.91,-3612791.14,64x64,314x314,1832x1841
tile_0073,-5773959.91,-3613541.04,-5773210.01,-3612791.14,64x64,314x314,1832x1841
tile_0074,-5773210.01,-3613541.04,-5772460.11,-3612791.14,64x64,314x314,1832x1841
tile_0075,-5772460.11,-3613541.04,-5771710.21,-3612791.14,64x64,314x314,1832x1841
tile_0076,-5771710.21,-3613541.04,-5770960.31,-3612791.14,64x64,314x314,1832x1841
tile_0077,-5770960.31,-3613541.04,-5770210.41,-3612791.14,64x64,314x314,1832x1841
tile_0078,-5770210.41,-3613541.04,-5769460.5,-3612791.14,64x64,314x314,1832x1841
tile_0079,-5769460.5,-3613541.04,-5768710.6,-3612791.14,64x64,314x314,1832x1841
tile_0080,-5768710.6,-3613541.04,-5767960.7,-3612791.14,64x64,314x314,1832x1841
tile_0081,-5767960.7,-3613541.04,-5767210.8,-3612791.14,64x64,314x314,1832x1841
tile_0082,-5767210.8,-3613541.04,-5766460.9,-3612791.14,64x64,314x314,1832x1841
tile_0083,-5766460.9,-3613541.04,-5765711.0,-3612791.14,64x64,314x314,1832x1841
tile_0084,-5765711.0,-3613541.04,-5764961.09,-3612791.14,64x64,314x314,1832x1841
tile_0085,-5764961.09,-3613541.04,-5764211.19,-3612791.14,64x64,314x314,1832x1841
tile_0086,-5764211.19,-3613541.04,-5763461.29,-3612791.14,64x64,314x314,1832x1841
tile_0087,-5763461.29,-3613541.04,-5762711.39,-3612791.14,64x64,314x314,1832x1841
tile_0088,-5762711.39,-3613541.04,-5761961.49,-3612791.14,64x64,314x314,1832x1841
tile_0089,-5761961.49,-3613541.04,-5761211.59,-3612791.14,64x64,314x314,1832x1841
tile_0090,-5774709.81,-3612791.14,-5773959.91,-3612041.24,64x64,314x314,1832x1841
tile_0091,-5773959.91,-3612791.14,-5773210.01,-3612041.24,64x64,314x314,1832x1841
tile_0092,-5773210.01,-3612791.14,-5772460.11,-3612041.24,64x64,314x314,1832x1841
tile_0093,-5772460.11,-3612791.14,-5771710.21,-3612041.24,64x64,314x314,1832x1841
tile_0094,-5771710.21,-3612791.14,-5770960.31,-3612041.24,64x64,314x314,1832x1841
tile_0095,-5770960.31,-3612791.14,-5770210.41,-3612041.24,64x64,314x314,1832x1841
tile_0096,-5770210.41,-3612791.14,-5769460.5,-3612041.24,64x64,314x314,1832x1841
tile_0097,-5769460.5,-3612791.14,-5768710.6,-3612041.24,64x64,314x314,1832x1841
tile_0098,-5768710.6,-3612791.14,-5767960.7,-3612041.24,64x64,314x314,1832x1841
tile_0099,-5767960.7,-3612791.14,-5767210.8,-3612041.24,64x64,314x314,1832x1841
tile_0100,-5767210.8,-3612791.14,-5766460.9,-3612041.24,64x64,314x314,1832x1841
tile_0101,-5766460.9,-3612791.14,-5765711.0,-3612041.24,64x64,314x314,1832x1841
tile_0102,-5765711.0,-3612791.14,-5764961.09,-3612041.24,64x64,314x314,1832x1841
tile_0103,-5764961.09,-3612791.14,-5764211.19,-3612041.24,64x64,314x314,1832x1841
tile_0104,-5764211.19,-3612791.14,-5763461.29,-3612041.24,64x64,314x314,1832x1841
tile_0105,-5763461.29,-3612791.14,-5762711.39,-3612041.24,64x64,314x314,1832x1841
tile_0106,-5762711.39,-3612791.14,-5761961.49,-3612041.24,64x64,314x314,1832x1841
tile_0107,-5761961.49,-3612791.14,-5761211.59,-3612041.24,64x64,314x314,1832x1841
tile_0108,-5774709.81,-3612041.24,-5773959.91,-3611291.34,64x64,314x314,1832x1841
tile_0109,-5773959.91,-3612041.24,-5773210.01,-3611291.34,64x64,314x314,1832x1841
tile_0110,-5773210.01,-3612041.24,-5772460.11,-3611291.34,64x64,314x314,1832x1841
tile_0111,-5772460.11,-3612041.24,-5771710.21,-3611291.34,64x64,314x314,1832x1841
tile_0112,-5771710.21,-3612041.24,-5770960.31,-3611291.34,64x64,314x314,1832x1841
tile_0113,-5770960.31,-3612041.24,-5770210.41,-3611291.34,64x64,314x314,1832x1841
tile_0114,-5770210.41,-3612041.24,-5769460.5,-3611291.34,64x64,314x314,1832x1841
tile_0115,-5769460.5,-3612041.24,-5768710.6,-3611291.34,64x64,314x314,1832x1841
tile_0116,-5768710.6,-3612041.24,-5767960.7,-3611291.34,64x64,314x314,1832x1841
tile_0117,-5767960.7,-3612041.24,-5767210.8,-3611291.34,64x64,314x314,1832x1841
tile_0118,-5767210.8,-3612041.24,-5766460.9,-3611291.34,64x64,314x314,1832x1841
tile_0119,-5766460.9,-3612041.24,-5765711.0,-3611291.34,64x64,314x314,1832x1841
tile_0120,-5765711.0,-3612041.24,-5764961.09,-3611291.34,64x64,314x314,1832x1841
tile_0121,-5764961.09,-3612041.24,-5764211.19,-3611291.34,64x64,314x314,1832x1841
tile_0122,-5764211.19,-3612041.24,-5763461.29,-3611291.34,64x64,314x314,1832x1841
tile_0123,-5763461.29,-3612041.24,-5762711.39,-3611291.34,64x64,314x314,1832x1841
tile_0124,-5762711.39,-3612041.24,-5761961.49,-3611291.34,64x64,314x314,1832x1841
tile_0125,-5761961.49,-3612041.24,-5761211.59,-3611291.34,64x64,314x314,1832x1841
tile_0126,-5774709.81,-3611291.34,-5773959.91,-3610541.44,64x64,314x314,1832x1841
tile_0127,-5773959.91,-3611291.34,-5773210.01,-3610541.44,64x64,314x314,1832x1841
tile_0128,-5773210.01,-3611291.34,-5772460.11,-3610541.44,64x64,314x314,1832x1841
tile_0129,-5772460.11,-3611291.34,-5771710.21,-3610541.44,64x64,314x314,1832x1841
tile_0130,-5771710.21,-3611291.34,-5770960.31,-3610541.44,64x64,314x314,1832x1841
tile_0131,-5770960.31,-3611291.34,-5770210.41,-3610541.44,64x64,314x314,1832x1841
tile_0132,-5770210.41,-3611291.34,-5769460.5,-3610541.44,64x64,314x314,1832x1841
tile_0133,-5769460.5,-3611291.34,-5768710.6,-3610541.44,64x64,314x314,1832x1841
tile_0134,-5768710.6,-3611291.34,-5767960.7,-3610541.44,64x64,314x314,1832x1841
tile_0135,-5767960.7,-3611291.34,-5767210.8,-3610541.44,64x64,314x314,1832x1841
tile_0136,-5767210.8,-3611291.34,-5766460.9,-3610541.44,64x64,314x314,1832x1841
tile_0137,-5766460.9,-3611291.34,-5765711.0,-3610541.44,64x64,314x314,1832x1841
tile_0138,-5765711.0,-3611291.34,-5764961.09,-3610541.44,64x64,314x314,1832x1841
tile_0139,-5764961.09,-3611291.34,-5764211.19,-3610541.44,64x64,314x314,1832x1841
tile_0140,-5764211.19,-3611291.34,-5763461.29,-3610541.44,64x64,314x314,1832x1841
tile_0141,-5763461.29,-3611291.34,-5762711.39,-3610541.44,64x64,314x314,1832x1841
tile_0142,-5762711.39,-3611291.34,-5761961.49,-3610541.44,64x64,314x314,1832x1841
tile_0143,-5761961.49,-3611291.34,-5761211.59,-3610541.44,64x64,314x314,1832x1841
tile_0144,-5774709.81,-3610541.44,-5773959.91,-3609791.53,64x64,314x314,1832x1841
tile_0145,-5773959.91,-3610541.44,-5773210.01,-3609791.53,64x64,314x314,1832x1841
tile_0146,-5773210.01,-3610541.44,-5772460.11,-3609791.53,64x64,314x314,1832x1841
tile_0147,-5772460.11,-3610541.44,-5771710.21,-3609791.53,64x64,314x314,1832x1841
tile_0148,-5771710.21,-3610541.44,-5770960.31,-3609791.53,64x64,314x314,1832x1841
tile_0149,-5770960.31,-3610541.44,-5770210.41,-3609791.53,64x64,314x314,1832x1841
tile_0150,-5770210.41,-3610541.44,-5769460.5,-3609791.53,64x64,314x314,1832x1841
tile_0151,-5769460.5,-3610541.44,-5768710.6,-3609791.53,64x64,314x314,1832x1841
tile_0152,-5768710.6,-3610541.44,-5767960.7,-3609791.53,64x64,314x314,1832x1841
tile_0153,-5767960.7,-3610541.44,-5767210.8,-3609791.53,64x64,314x314,1832x1841
tile_0154,-5767210.8,-3610541.44,-5766460.9,-3609791.53,64x64,314x314,1832x1841
tile_0155,-5766460.9,-3610541.44,-5765711.0,-3609791.53,64x64,314x314,1832x1841
tile_0156,-5765711.0,-3610541.44,-5764961.09,-3609791.53,64x64,314x314,1832x1841
tile_0157,-5764961.09,-3610541.44,-5764211.19,-3609791.53,64x64,314x314,1832x1841
tile_0158,-5764211.19,-3610541.44,-5763461.29,-3609791.53,64x64,314x314,1832x1841
tile_0159,-5763461.29,-3610541.44,-5762711.39,-3609791.53,64x64,314x314,1832x1841
tile_0160,-5762711.39,-3610541.44,-5761961.49,-3609791.53,64x64,314x314,1832x1841
tile_0161,-5761961.49,-3610541.44,-5761211.59,-3609791.53,64x64,314x314,1832x1841
tile_0162,-5774709.81,-3609791.53,-5773959.91,-3609041.63,64x64,314x314,1832x1841
tile_0163,-5773959.91,-3609791.53,-5773210.01,-3609041.63,64x64,314x314,1832x1841
tile_0164,-5773210.01,-3609791.53,-5772460.11,-3609041.63,64x64,314x314,1832x1841
tile_0165,-5772460.11,-3609791.53,-5771710.21,-3609041.63,64x64,314x314,1832x1841
tile_0166,-5771710.21,-3609791.53,-5770960.31,-3609041.63,64x64,314x314,1832x1841
tile_0167,-5770960.31,-3609791.53,-5770210.41,-3609041.63,64x64,314x314,1832x1841
tile_0168,-5770210.41,-3609791.53,-5769460.5,-3609041.63,64x64,314x314,1832x1841
tile_0169,-5769460.5,-3609791.53,-5768710.6,-3609041.63,64x64,314x314,1832x1841
tile_0170,-5768710.6,-3609791.53,-5767960.7,-3609041.63,64x64,314x314,1832x1841
tile_0171,-5767960.7,-3609791.53,-5767210.8,-3609041.63,64x64,314x314,1832x1841
tile_0172,-5767210.8,-3609791.53,-5766460.9,-3609041.63,64x64,314x314,1832x1841
tile_0173,-5766460.9,-3609791.53,-5765711.0,-3609041.63,64x64,314x314,1832x1841
tile_0174,-5765711.0,-3609791.53,-5764961.09,-3609041.63,64x64,314x314,1832x1841
tile_0175,-5764961.09,-3609791.53,-5764211.19,-3609041.63,64x64,314x314,1832x1841
tile_0176,-5764211.19,-3609791.53,-5763461.29,-3609041.63,64x64,314x314,1832x1841
tile_0177,-5763461.29,-3609791.53,-5762711.39,-3609041.63,64x64,314x314,1832x1841
tile_0178,-5762711.39,-3609791.53,-5761961.49,-3609041.63,64x64,314x314,1832x1841
tile_0179,-5761961.49,-3609791.53,-5761211.59,-3609041.63,64x64,314x314,1832x1841
tile_0180,-5774709.81,-3609041.63,-5773959.91,-3608291.73,64x64,314x314,1832x1841
tile_0181,-5773959.91,-3609041.63,-5773210.01,-3608291.73,64x64,314x314,1832x1841
tile_0182,-5773210.01,-3609041.63,-5772460.11,-3608291.73,64x64,314x314,1832x1841
tile_0183,-5772460.11,-3609041.63,-5771710.21,-3608291.73,64x64,314x314,1832x1841
tile_0184,-5771710.21,-3609041.63,-5770960.31,-3608291.73,64x64,314x314,1832x1841
tile_0185,-5770960.31,-3609041.63,-5770210.41,-3608291.73,64x64,314x314,1832x1841
tile_0186,-5770210.41,-3609041.63,-5769460.5,-3608291.73,64x64,314x314,1832x1841
tile_0187,-5769460.5,-3609041.63,-5768710.6,-3608291.73,64x64,314x314,1832x1841
tile_0188,-5768710.6,-3609041.63,-5767960.7,-3608291.73,64x64,314x314,1832x1841
tile_0189,-5767960.7,-3609041.63,-5767210.8,-3608291.73,64x64,314x314,1832x1841
tile_0190,-5767210.8,-3609041.63,-5766460.9,-3608291.73,64x64,314x314,1832x1841
tile_0191,-5766460.9,-3609041.63,-5765711.0,-3608291.73,64x64,314x314,1832x1841
tile_0192,-5765711.0,-3609041.63,-5764961.09,-3608291.73,64x64,314x314,1832x1841
tile_0193,-5764961.09,-3609041.63,-5764211.19,-3608291.73,64x64,314x314,1832x1841
tile_0194,-5764211.19,-3609041.63,-5763461.29,-3608291.73,64x64,314x314,1832x1841
tile_0195,-5763461.29,-3609041.63,-5762711.39,-3608291.73,64x64,314x314,1832x1841
tile_0196,-5762711.39,-3609041.63,-5761961.49,-3608291.73,64x64,314x314,1832x1841
tile_0197,-5761961.49,-3609041.63,-5761211.59,-3608291.73,64x64,314x314,1832x1841
tile_0198,-5774709.81,-3608291.73,-5773959.91,-3607541.83,64x64,314x314,1832x1841
tile_0199,-5773959.91,-3608291.73,-5773210.01,-3607541.83,64x64,314x314,1832x1841
tile_0200,-5773210.01,-3608291.73,-5772460.11,-3607541.83,64x64,314x314,1832x1841
tile_0201,-5772460.11,-3608291.73,-5771710.21,-3607541.83,64x64,314x314,1832x1841
tile_0202,-5771710.21,-3608291.73,-5770960.31,-3607541.83,64x64,314x314,1832x1841
tile_0203,-5770960.31,-3608291.73,-5770210.41,-3607541.83,64x64,314x314,1832x1841
tile_0204,-5770210.41,-3608291.73,-5769460.5,-3607541.83,64x64,314x314,1832x1841
tile_0205,-5769460.5,-3608291.73,-5768710.6,-3607541.83,64x64,314x314,1832x1841
tile_0206,-5768710.6,-3608291.73,-5767960.7,-3607541.83,64x64,314x314,1832x1841
tile_0207,-5767960.7,-3608291.73,-5767210.8,-3607541.83,64x64,314x314,1832x1841
tile_0208,-5767210.8,-3608291.73,-5766460.9,-3607541.83,64x64,314x314,1832x1841
tile_0209,-5766460.9,-3608291.73,-5765711.0,-3607541.83,64x64,314x314,1832x1841
tile_0210,-5765711.0,-3608291.73,-5764961.09,-3607541.83,64x64,314x314,1832x1841
tile_0211,-5764961.09,-3608291.73,-5764211.19,-3607541.83,64x64,314x314,1832x1841
tile_0212,-5764211.19,-3608291.73,-5763461.29,-3607541.83,64x64,314x314,1832x1841
tile_0213,-5763461.29,-3608291.73,-5762711.39,-3607541.83,64x64,314x314,1832x1841
tile_0214,-5762711.39,-3608291.73,-5761961.49,-3607541.83,64x64,314x314,1832x1841
tile_0215,-5761961.49,-3608291.73,-5761211.59,-3607541.83,64x64,314x314,1832x1841
tile_0216,-5774709.81,-3607541.83,-5773959.91,-3606791.93,64x64,314x314,1832x1841
tile_0217,-5773959.91,-3607541.83,-5773210.01,-3606791.93,64x64,314x314,1832x1841
tile_0218,-5773210.01,-3607541.83,-5772460.11,-3606791.93,64x64,314x314,1832x1841
tile_0219,-5772460.11,-3607541.83,-5771710.21,-3606791.93,64x64,314x314,1832x1841
tile_0220,-5771710.21,-3607541.83,-5770960.31,-3606791.93,64x64,314x314,1832x1841
tile_0221,-5770960.31,-3607541.83,-5770210.41,-3606791.93,64x64,314x314,1832x1841
tile_0222,-5770210.41,-3607541.83,-5769460.5,-3606791.93,64x64,314x314,1832x1841
tile_0223,-5769460.5,-3607541.83,-5768710.6,-3606791.93,64x64,314x314,1832x1841
tile_0224,-5768710.6,-3607541.83,-5767960.7,-3606791.93,64x64,314x314,1832x1841
tile_0225,-5767960.7,-3607541.83,-5767210.8,-3606791.93,64x64,314x314,1832x1841
tile_0226,-5767210.8,-3607541.83,-5766460.9,-3606791.93,64x64,314x314,1832x1841
tile_0227,-5766460.9,-3607541.83,-5765711.0,-3606791.93,64x64,314x314,1832x1841
tile_0228,-5765711.0,-3607541.83,-5764961.09,-3606791.93,64x64,314x314,1832x1841
tile_0229,-5764961.09,-3607541.83,-5764211.19,-3606791.93,64x64,314x314,1832x1841
tile_0230,-5764211.19,-3607541.83,-5763461.29,-3606791.93,64x64,314x314,1832x1841
tile_0231,-5763461.29,-3607541.83,-5762711.39,-3606791.93,64x64,314x314,1832x1841
tile_0232,-5762711.39,-3607541.83,-5761961.49,-3606791.93,64x64,314x314,1832x1841
tile_0233,-5761961.49,-3607541.83,-5761211.59,-3606791.93,64x64,314x314,1832x1841
tile_0234,-5774709.81,-3606791.93,-5773959.91,-3606042.03,64x64,314x314,1832x1841
tile_0235,-5773959.91,-3606791.93,-5773210.01,-3606042.03,64x64,314x314,1832x1841
tile_0236,-5773210.01,-3606791.93,-5772460.11,-3606042.03,64x64,314x314,1832x1841
tile_0237,-5772460.11,-3606791.93,-5771710.21,-3606042.03,64x64,314x314,1832x1841
tile_0238,-5771710.21,-3606791.93,-5770960.31,-3606042.03,64x64,314x314,1832x1841
tile_0239,-5770960.31,-3606791.93,-5770210.41,-3606042.03,64x64,314x314,1832x1841
tile_0240,-5770210.41,-3606791.93,-5769460.5,-3606042.03,64x64,314x314,1832x1841
tile_0241,-5769460.5,-3606791.93,-5768710.6,-3606042.03,64x64,314x314,1832x1841
tile_0242,-5768710.6,-3606791.93,-5767960.7,-3606042.03,64x64,314x314,1832x1841
tile_0243,-5767960.7,-3606791.93,-5767210.8,-3606042.03,64x64,314x314,1832x1841
tile_0244,-5767210.8,-3606791.93,-5766460.9,-3606042.03,64x64,314x314,1832x1841
tile_0245,-5766460.9,-3606791.93,-5765711.0,-3606042.03,64x64,314x314,1832x1841
tile_0246,-5765711.0,-3606791.93,-5764961.09,-3606042.03,64x64,314x314,1832x1841
tile_0247,-5764961.09,-3606791.93,-5764211.19,-3606042.03,64x64,314x314,1832x1841
tile_0248,-5764211.19,-3606791.93,-5763461.29,-3606042.03,64x64,314x314,1832x1841
tile_0249,-5763461.29,-3606791.93,-5762711.39,-3606042.03,64x64,314x314,1832x1841
tile_0250,-5762711.39,-3606791.93,-5761961.49,-3606042.03,64x64,314x314,1832x1841
tile_0251,-5761961.49,-3606791.93,-5761211.59,-3606042.03,64x64,314x314,1832x1841
tile_0252,-5774709.81,-3606042.03,-5773959.91,-3605292.12,64x64,314x314,1832x1841
tile_0253,-5773959.91,-3606042.03,-5773210.01,-3605292.12,64x64,314x314,1832x1841
tile_0254,-5773210.01,-3606042.03,-5772460.11,-3605292.12,64x64,314x314,1832x1841
tile_0255,-5772460.11,-3606042.03,-5771710.21,-3605292.12,64x64,314x314,1832x1841
tile_0256,-5771710.21,-3606042.03,-5770960.31,-3605292.12,64x64,314x314,1832x1841
tile_0257,-5770960.31,-3606042.03,-5770210.41,-3605292.12,64x64,314x314,1832x1841
tile_0258,-5770210.41,-3606042.03,-5769460.5,-3605292.12,64x64,314x314,1832x1841
tile_0259,-5769460.5,-3606042.03,-5768710.6,-3605292.12,64x64,314x314,1832x1841
tile_0260,-5768710.6,-3606042.03,-5767960.7,-3605292.12,64x64,314x314,1832x1841
tile_0261,-5767960.7,-3606042.03,-5767210.8,-3605292.12,64x64,314x314,1832x1841
tile_0262,-5767210.8,-3606042.03,-5766460.9,-3605292.12,64x64,314x314,1832x1841
tile_0263,-5766460.9,-3606042.03,-5765711.0,-3605292.12,64x64,314x314,1832x1841
tile_0264,-5765711.0,-3606042.03,-5764961.09,-3605292.12,64x64,314x314,1832x1841
tile_0265,-5764961.09,-3606042.03,-5764211.19,-3605292.12,64x64,314x314,1832x1841
tile_0266,-5764211.19,-3606042.03,-5763461.29,-3605292.12,64x64,314x314,1832x1841
tile_0267,-5763461.29,-3606042.03,-5762711.39,-3605292.12,64x64,314x314,1832x1841
tile_0268,-5762711.39,-3606042.03,-5761961.49,-3605292.12,64x64,314x314,1832x1841
tile_0269,-5761961.49,-3606042.03,-5761211.59,-3605292.12,64x64,314x314,1832x1841
tile_0270,-5774709.81,-3605292.12,-5773959.91,-3604542.22,64x64,314x314,1832x1841
tile_0271,-5773959.91,-3605292.12,-5773210.01,-3604542.22,64x64,314x314,1832x1841
tile_0272,-5773210.01,-3605292.12,-5772460.11,-3604542.22,64x64,314x314,1832x1841
tile_0273,-5772460.11,-3605292.12,-5771710.21,-3604542.22,64x64,314x314,1832x1841
tile_0274,-5771710.21,-3605292.12,-5770960.31,-3604542.22,64x64,314x314,1832x1841
tile_0275,-5770960.31,-3605292.12,-5770210.41,-3604542.22,64x64,314x314,1832x1841
tile_0276,-5770210.41,-3605292.12,-5769460.5,-3604542.22,64x64,314x314,1832x1841
tile_0277,-5769460.5,-3605292.12,-5768710.6,-3604542.22,64x64,314x314,1832x1841
tile_0278,-5768710.6,-3605292.12,-5767960.7,-3604542.22,64x64,314x314,1832x1841
tile_0279,-5767960.7,-3605292.12,-5767210.8,-3604542.22,64x64,314x314,1832x1841
tile_0280,-5767210.8,-3605292.12,-5766460.9,-3604542.22,64x64,314x314,1832x1841
tile_0281,-5766460.9,-3605292.12,-5765711.0,-3604542.22,64x64,314x314,1832x1841
tile_0282,-5765711.0,-3605292.12,-5764961.09,-3604542.22,64x64,314x314,1832x1841
tile_0283,-5764961.09,-3605292.12,-5764211.19,-3604542.22,64x64,314x314,1832x1841
tile_0284,-5764211.19,-3605292.12,-5763461.29,-3604542.22,64x64,314x314,1832x1841
tile_0285,-5763461.29,-3605292.12,-5762711.39,-3604542.22,64x64,314x314,1832x1841
tile_0286,-5762711.39,-3605292.12,-5761961.49,-3604542.22,64x64,314x314,1832x1841
tile_0287,-5761961.49,-3605292.12,-5761211.59,-3604542.22,64x64,314x314,1832x1841
tile_0288,-5774709.81,-3604542.22,-5773959.91,-3603792.32,64x64,314x314,1832x1841
tile_0289,-5773959.91,-3604542.22,-5773210.01,-3603792.32,64x64,314x314,1832x1841
tile_0290,-5773210.01,-3604542.22,-5772460.11,-3603792.32,64x64,314x314,1832x1841
tile_0291,-5772460.11,-3604542.22,-5771710.21,-3603792.32,64x64,314x314,1832x1841
tile_0292,-5771710.21,-3604542.22,-5770960.31,-3603792.32,64x64,314x314,1832x1841
tile_0293,-5770960.31,-3604542.22,-5770210.41,-3603792.32,64x64,314x314,1832x1841
tile_0294,-5770210.41,-3604542.22,-5769460.5,-3603792.32,64x64,314x314,1832x1841
tile_0295,-5769460.5,-3604542.22,-5768710.6,-3603792.32,64x64,314x314,1832x1841
tile_0296,-5768710.6,-3604542.22,-5767960.7,-3603792.32,64x64,314x314,1832x1841
tile_0297,-5767960.7,-3604542.22,-5767210.8,-3603792.32,64x64,314x314,1832x1841
tile_0298,-5767210.8,-3604542.22,-5766460.9,-3603792.32,64x64,314x314,1832x1841
tile_0299,-5766460.9,-3604542.22,-5765711.0,-3603792.32,64x64,314x314,1832x1841
tile_0300,-5765711.0,-3604542.22,-5764961.09,-3603792.32,64x64,314x314,1832x1841
tile_0301,-5764961.09,-3604542.22,-5764211.19,-3603792.32,64x64,314x314,1832x1841
tile_0302,-5764211.19,-3604542.22,-5763461.29,-3603792.32,64x64,314x314,1832x1841
tile_0303,-5763461.29,-3604542.22,-5762711.39,-3603792.32,64x64,314x314,1832x1841
tile_0304,-5762711.39,-3604542.22,-5761961.49,-3603792.32,64x64,314x314,1832x1841
tile_0305,-5761961.49,-3604542.22,-5761211.59,-3603792.32,64x64,314x314,1832x1841
tile_0306,-5774709.81,-3603792.32,-5773959.91,-3603042.42,64x64,314x314,1832x1841
tile_0307,-5773959.91,-3603792.32,-5773210.01,-3603042.42,64x64,314x314,1832x1841
tile_0308,-5773210.01,-3603792.32,-5772460.11,-3603042.42,64x64,314x314,1832x1841
tile_0309,-5772460.11,-3603792.32,-5771710.21,-3603042.42,64x64,314x314,1832x1841
tile_0310,-5771710.21,-3603792.32,-5770960.31,-3603042.42,64x64,314x314,1832x1841
tile_0311,-5770960.31,-3603792.32,-5770210.41,-3603042.42,64x64,314x314,1832x1841
tile_0312,-5770210.41,-3603792.32,-5769460.5,-3603042.42,64x64,314x314,1832x1841
tile_0313,-5769460.5,-3603792.32,-5768710.6,-3603042.42,64x64,314x314,1832x1841
tile_0314,-5768710.6,-3603792.32,-5767960.7,-3603042.42,64x64,314x314,1832x1841
tile_0315,-5767960.7,-3603792.32,-5767210.8,-3603042.42,64x64,314x314,1832x1841
tile_0316,-5767210.8,-3603792.32,-5766460.9,-3603042.42,64x64,314x314,1832x1841
tile_0317,-5766460.9,-3603792.32,-5765711.0,-3603042.42,64x64,314x314,1832x1841
tile_0318,-5765711.0,-3603792.32,-5764961.09,-3603042.42,64x64,314x314,1832x1841
tile_0319,-5764961.09,-3603792.32,-5764211.19,-3603042.42,64x64,314x314,1832x1841
tile_0320,-5764211.19,-3603792.32,-5763461.29,-3603042.42,64x64,314x314,1832x1841
tile_0321,-5763461.29,-3603792.32,-5762711.39,-3603042.42,64x64,314x314,1832x1841
tile_0322,-5762711.39,-3603792.32,-5761961.49,-3603042.42,64x64,314x314,1832x1841
tile_0323,-5761961.49,-3603792.32,-5761211.59,-3603042.42,64x64,314x314,1832x1841
tile_0324,-5774709.81,-3603042.42,-5773959.91,-3602292.52,64x64,314x314,1832x1841
tile_0325,-5773959.91,-3603042.42,-5773210.01,-3602292.52,64x64,314x314,1832x1841
tile_0326,-5773210.01,-3603042.42,-5772460.11,-3602292.52,64x64,314x314,1832x1841
tile_0327,-5772460.11,-3603042.42,-5771710.21,-3602292.52,64x64,314x314,1832x1841
tile_0328,-5771710.21,-3603042.42,-5770960.31,-3602292.52,64x64,314x314,1832x1841
tile_0329,-5770960.31,-3603042.42,-5770210.41,-3602292.52,64x64,314x314,1832x1841
tile_0330,-5770210.41,-3603042.42,-5769460.5,-3602292.52,64x64,314x314,1832x1841
tile_0331,-5769460.5,-3603042.42,-5768710.6,-3602292.52,64x64,314x314,1832x1841
tile_0332,-5768710.6,-3603042.42,-5767960.7,-3602292.52,64x64,314x314,1832x1841
tile_0333,-5767960.7,-3603042.42,-5767210.8,-3602292.52,64x64,314x314,1832x1841
tile_0334,-5767210.8,-3603042.42,-5766460.9,-3602292.52,64x64,314x314,1832x1841
tile_0335,-5766460.9,-3603042.42,-5765711.0,-3602292.52,64x64,314x314,1832x1841
tile_0336,-5765711.0,-3603042.42,-5764961.09,-3602292.52,64x64,314x314,1832x1841
tile_0337,-5764961.09,-3603042.42,-5764211.19,-3602292.52,64x64,314x314,1832x1841
tile_0338,-5764211.19,-3603042.42,-5763461.29,-3602292.52,64x64,314x314,1832x1841
tile_0339,-5763461.29,-3603042.42,-5762711.39,-3602292.52,64x64,314x314,1832x1841
tile_0340,-5762711.39,-3603042.42,-5761961.49,-3602292.52,64x64,314x314,1832x1841
tile_0341,-5761961.49,-3603042.42,-5761211.59,-3602292.52,64x64,314x314,1832x1841
tile_0342,-5774709.81,-3602292.52,-5773959.91,-3601542.62,64x64,314x314,1832x1841
tile_0343,-5773959.91,-3602292.52,-5773210.01,-3601542.62,64x64,314x314,1832x1841
tile_0344,-5773210.01,-3602292.52,-5772460.11,-3601542.62,64x64,314x314,1832x1841
tile_0345,-5772460.11,-3602292.52,-5771710.21,-3601542.62,64x64,314x314,1832x1841
tile_0346,-5771710.21,-3602292.52,-5770960.31,-3601542.62,64x64,314x314,1832x1841
tile_0347,-5770960.31,-3602292.52,-5770210.41,-3601542.62,64x64,314x314,1832x1841
tile_0348,-5770210.41,-3602292.52,-5769460.5,-3601542.62,64x64,314x314,1832x1841
tile_0349,-5769460.5,-3602292.52,-5768710.6,-3601542.62,64x64,314x314,1832x1841
tile_0350,-5768710.6,-3602292.52,-5767960.7,-3601542.62,64x64,314x314,1832x1841
tile_0351,-5767960.7,-3602292.52,-5767210.8,-3601542.62,64x64,314x314,1832x1841
tile_0352,-5767210.8,-3602292.52,-5766460.9,-3601542.62,64x64,314x314,1832x1841
tile_0353,-5766460.9,-3602292.52,-5765711.0,-3601542.62,64x64,314x314,1832x1841
tile_0354,-5765711.0,-3602292.52,-5764961.09,-3601542.62,64x64,314x314,1832x1841
tile_0355,-5764961.09,-3602292.52,-5764211.19,-3601542.62,64x64,314x314,1832x1841
tile_0356,-5764211.19,-3602292.52,-5763461.29,-3601542.62,64x64,314x314,1832x1841
tile_0357,-5763461.29,-3602292.52,-5762711.39,-3601542.62,64x64,314x314,1832x1841
tile_0358,-5762711.39,-3602292.52,-5761961.49,-3601542.62,64x64,314x314,1832x1841
tile_0359,-5761961.49,-3602292.52,-5761211.59,-3601542.62,64x64,314x314,1832x1841
tile_0360,-5774709.81,-3601542.62,-5773959.91,-3600792.72,64x64,314x314,1832x1841
tile_0361,-5773959.91,-3601542.62,-5773210.01,-3600792.72,64x64,314x314,1832x1841
tile_0362,-5773210.01,-3601542.62,-5772460.11,-3600792.72,64x64,314x314,1832x1841
tile_0363,-5772460.11,-3601542.62,-5771710.21,-3600792.72,64x64,314x314,1832x1841
tile_0364,-5771710.21,-3601542.62,-5770960.31,-3600792.72,64x64,314x314,1832x1841
tile_0365,-5770960.31,-3601542.62,-5770210.41,-3600792.72,64x64,314x314,1832x1841
tile_0366,-5770210.41,-3601542.62,-5769460.5,-3600792.72,64x64,314x314,1832x1841
tile_0367,-5769460.5,-3601542.62,-5768710.6,-3600792.72,64x64,314x314,1832x1841
tile_0368,-5768710.6,-3601542.62,-5767960.7,-3600792.72,64x64,314x314,1832x1841
tile_0369,-5767960.7,-3601542.62,-5767210.8,-3600792.72,64x64,314x314,1832x1841
tile_0370,-5767210.8,-3601542.62,-5766460.9,-3600792.72,64x64,314x314,1832x1841
tile_0371,-5766460.9,-3601542.62,-5765711.0,-3600792.72,64x64,314x314,1832x1841
tile_0372,-5765711.0,-3601542.62,-5764961.09,-3600792.72,64x64,314x314,1832x1841
tile_0373,-5764961.09,-3601542.62,-5764211.19,-3600792.72,64x64,314x314,1832x1841
tile_0374,-5764211.19,-3601542.62,-5763461.29,-3600792.72,64x64,314x314,1832x1841
tile_0375,-5763461.29,-3601542.62,-5762711.39,-3600792.72,64x64,314x314,1832x1841
tile_0376,-5762711.39,-3601542.62,-5761961.49,-3600792.72,64x64,314x314,1832x1841
tile_0377,-5761961.49,-3601542.62,-5761211.59,-3600792.72,64x64,314x314,1832x1841
