region,tile_id,classe,generic_clip_lr,generic_clip_sr,remote_clip_lr,remote_clip_sr
R1,tile_0026,cultivated vegetation,0.6043381243944168,0.647587776184082,0.6371334195137024,0.5672136694192886
R1,tile_0027,cultivated vegetation,0.5952676385641098,0.6576013565063477,0.5918578058481216,0.6589626520872116
R1,tile_0028,field,0.6352683156728745,0.6765338033437729,0.6520168483257294,0.7596636563539505
R1,tile_0029,field,0.5963677540421486,0.6222012639045715,0.6465066969394684,0.697077065706253
R1,tile_0030,cultivated vegetation,0.5763858556747437,0.6401703506708145,0.6382288783788681,0.7268735766410828
R1,tile_0031,cultivated vegetation,0.5535655841231346,0.638381689786911,0.6002851575613022,0.6646741926670074
R1,tile_0032,cultivated vegetation,0.6445185095071793,0.6608862429857254,0.6088373810052872,0.6623630225658417
R1,tile_0033,urban area,0.6671862304210663,0.6515676528215408,0.6187881901860237,0.6969641894102097
R1,tile_0034,urban area,0.6935709714889526,0.625331699848175,0.6839729845523834,0.6923593580722809
R1,tile_0035,urban area,0.677439272403717,0.6320607662200928,0.683048889040947,0.6953088939189911
R1,tile_0036,urban area,0.6611771881580353,0.6044699251651764,0.6367456912994385,0.6715512275695801
R1,tile_0037,bare ground,0.6001586467027664,0.6113424897193909,0.6447172909975052,0.5521392822265625
R1,tile_0038,field,0.6090036034584045,0.6334739923477173,0.6996008008718491,0.6713239848613739
R1,tile_0039,field,0.5647867918014526,0.6045154109597206,0.708700641989708,0.6653411686420441
R1,tile_0040,field,0.544157400727272,0.6159983202815056,0.6866841018199921,0.6816854327917099
R1,tile_0041,field,0.5791701376438141,0.5879049748182297,0.6804212927818298,0.6877777725458145
R1,tile_0042,water body,0.5384185165166855,0.6256496161222458,0.6439761817455292,0.6591206789016724
R1,tile_0043,forest,0.6051615998148918,0.5292072892189026,0.6911541521549225,0.5261034145951271
R1,tile_0044,bare ground,0.5955016613006592,0.6249944865703583,0.6148853898048401,0.7606754451990128
R1,tile_0049,cultivated vegetation,0.5653147399425507,0.6155373901128769,0.6289774924516678,0.53655706346035
R1,tile_0050,cultivated vegetation,0.5847455188632011,0.6743650138378143,0.6495298445224762,0.6868991255760193
R1,tile_0051,cultivated vegetation,0.6215851381421089,0.6351031363010406,0.5836908146739006,0.6990884244441986
R1,tile_0052,field,0.5676763504743576,0.6517291069030762,0.6377305090427399,0.6800000369548798
R1,tile_0053,cultivated vegetation,0.5680167302489281,0.6180527433753014,0.6101012229919434,0.588718056678772
R1,tile_0054,cultivated vegetation,0.5936174839735031,0.6313580274581909,0.592360831797123,0.6690813601016998
R1,tile_0055,cultivated vegetation,0.6406950950622559,0.6579001247882843,0.6055977940559387,0.6368713080883026
R1,tile_0056,urban area,0.6574734300374985,0.6526080518960953,0.6486937403678894,0.6798171997070312
R1,tile_0057,field,0.6025658547878265,0.5628878623247147,0.6763176620006561,0.6302495300769806
R1,tile_0058,urban area,0.6176673620939255,0.6469782441854477,0.7013121247291565,0.736309289932251
R1,tile_0059,urban area,0.7077358663082123,0.6624941527843475,0.6991006433963776,0.7478226721286774
R1,tile_0060,bare ground,0.6277087330818176,0.5908739566802979,0.6905447691679001,0.5876793712377548
R1,tile_0061,bare ground,0.6075886636972427,0.6224391981959343,0.682297945022583,0.5512923002243042
R1,tile_0062,field,0.5882135778665543,0.545877069234848,0.6363271921873093,0.5295547097921371
R1,tile_0063,field,0.5819341540336609,0.5553612858057022,0.6638291478157043,0.5773704126477242
R1,tile_0064,field,0.5480823293328285,0.6095774099230766,0.6627640873193741,0.5980686843395233
R1,tile_0065,water body,0.5849108844995499,0.6144577264785767,0.6167121231555939,0.6359750032424927
R1,tile_0066,bare ground,0.5690500140190125,0.6160520017147064,0.6315862387418747,0.6915886700153351
R1,tile_0067,forest,0.6548086553812027,0.5987555161118507,0.7633381336927414,0.7319500297307968
R1,tile_0072,cultivated vegetation,0.6181855499744415,0.6504997611045837,0.6339334696531296,0.6633426249027252
R1,tile_0073,cultivated vegetation,0.5887586623430252,0.6993890553712845,0.6350894272327423,0.7230651378631592
R1,tile_0074,cultivated vegetation,0.6147255003452301,0.6743904203176498,0.7015272974967957,0.6683914363384247
R1,tile_0075,cultivated vegetation,0.6471798568964005,0.6816366314888,0.6150849536061287,0.7155518233776093
R1,tile_0076,cultivated vegetation,0.6349464505910873,0.6829406321048737,0.6129785999655724,0.7961472123861313
R1,tile_0077,cultivated vegetation,0.6454922258853912,0.5808579176664352,0.6303954124450684,0.6278679519891739
R1,tile_0078,field,0.5522613227367401,0.6166116893291473,0.604403167963028,0.6147677078843117
R1,tile_0079,field,0.605902224779129,0.58343306183815,0.5906466394662857,0.6273399293422699
R1,tile_0080,field,0.5964251607656479,0.6172384694218636,0.6321113556623459,0.5665279924869537
R1,tile_0081,urban area,0.6880056113004684,0.6367165595293045,0.6507121026515961,0.7049719989299774
R1,tile_0082,urban area,0.6703647971153259,0.612403079867363,0.7143624126911163,0.6622832268476486
R1,tile_0083,bare ground,0.6094135344028473,0.6093091517686844,0.6926800310611725,0.6720095872879028
R1,tile_0084,bare ground,0.5669615045189857,0.5900761857628822,0.6695017218589783,0.6128799170255661
R1,tile_0085,forest,0.6003715097904205,0.6284382939338684,0.6830020993947983,0.7742757350206375
R1,tile_0086,forest,0.6641051173210144,0.5800718069076538,0.7477327436208725,0.5991239845752716
R1,tile_0087,water body,0.5610311031341553,0.575607642531395,0.6661392748355865,0.6886947154998779
R1,tile_0088,field,0.4802598059177398,0.5243167653679848,0.6289999932050705,0.5384446680545807
R1,tile_0089,forest,0.5869542807340622,0.5594567209482193,0.7317791134119034,0.5695861577987671
R1,tile_0090,bare ground,0.5990387499332428,0.6320405006408691,0.6431211531162262,0.610589012503624
R1,tile_0095,cultivated vegetation,0.5957811698317528,0.7114996016025543,0.6504839658737183,0.7701809704303741
R1,tile_0096,cultivated vegetation,0.5653737112879753,0.6893302500247955,0.6167683005332947,0.6711359322071075
R1,tile_0097,cultivated vegetation,0.5630209296941757,0.6610570847988129,0.6053484603762627,0.6315141916275024
R1,tile_0098,cultivated vegetation,0.6101935356855392,0.6478627771139145,0.5980357155203819,0.7043839991092682
R1,tile_0099,bare ground,0.6396642327308655,0.6315449625253677,0.6930722296237946,0.5945732071995735
R1,tile_0100,cultivated vegetation,0.6096401810646057,0.6830431520938873,0.6078753620386124,0.6892849504947662
R1,tile_0101,field,0.5726953968405724,0.6179500371217728,0.6378498673439026,0.6312065571546555
R1,tile_0102,field,0.5964523926377296,0.5915480852127075,0.6643255054950714,0.576910488307476
R1,tile_0103,field,0.597480833530426,0.5623514577746391,0.6794372946023941,0.6276857852935791
R1,tile_0104,cultivated vegetation,0.6461258977651596,0.5995777249336243,0.5852697417140007,0.4829501360654831
R1,tile_0105,urban area,0.5644146725535393,0.6710845232009888,0.6231670081615448,0.6074856594204903
R1,tile_0106,bare ground,0.6066205725073814,0.593329407274723,0.5979763716459274,0.577467754483223
R1,tile_0107,bare ground,0.5921018868684769,0.6040385365486145,0.5874248966574669,0.6949807703495026
R1,tile_0108,bare ground,0.5674794316291809,0.6233615428209305,0.6661181896924973,0.6335937976837158
R1,tile_0109,water body,0.5560391396284103,0.5775377526879311,0.676693394780159,0.5991485714912415
R1,tile_0110,water body,0.581962913274765,0.6233944743871689,0.6081356108188629,0.6290255486965179
R1,tile_0111,bare ground,0.6221102923154831,0.6170462071895599,0.7068569213151932,0.6534981727600098
R1,tile_0112,bare ground,0.6155145913362503,0.5723639205098152,0.6613694876432419,0.5953324213624
R1,tile_0113,bare ground,0.5107707902789116,0.563531294465065,0.5675132572650909,0.5013877898454666
R1,tile_0118,forest,0.5827825143933296,0.5850392580032349,0.7441554963588715,0.7428563386201859
R1,tile_0119,cultivated vegetation,0.5959948152303696,0.668034702539444,0.569622814655304,0.6320060789585114
R1,tile_0120,cultivated vegetation,0.5839641392230988,0.6714506447315216,0.6198050081729889,0.6268161535263062
R1,tile_0121,cultivated vegetation,0.6594005227088928,0.6415073573589325,0.5676563084125519,0.7588058710098267
R1,tile_0122,cultivated vegetation,0.6622020155191422,0.6869383156299591,0.6015577167272568,0.724150538444519
R1,tile_0123,cultivated vegetation,0.6026235595345497,0.68558469414711,0.6326189637184143,0.6051094830036163
R1,tile_0124,cultivated vegetation,0.6693605333566666,0.6637916713953018,0.5934488400816917,0.7046472281217575
R1,tile_0125,cultivated vegetation,0.6745457649230957,0.6615963578224182,0.6437364965677261,0.5846130102872849
R1,tile_0126,field,0.6403965502977371,0.6289651244878769,0.6677030771970749,0.6616221368312836
R1,tile_0127,cultivated vegetation,0.6805428117513657,0.6765436381101608,0.6116078048944473,0.6582002341747284
R1,tile_0128,cultivated vegetation,0.6403631716966629,0.647580623626709,0.6180678308010101,0.6518805772066116
R1,tile_0129,cultivated vegetation,0.6636667251586914,0.6784432381391525,0.6079590320587158,0.5959053710103035
R1,tile_0130,bare ground,0.5749800801277161,0.6098711863160133,0.7132722437381744,0.7662315666675568
R1,tile_0131,field,0.5827689915895462,0.6202448159456253,0.6653299927711487,0.6477268040180206
R1,tile_0132,water body,0.5609136074781418,0.6621228903532028,0.6398366391658783,0.7386964559555054
R1,tile_0133,bare ground,0.6163021922111511,0.5993254110217094,0.6672357022762299,0.561666376888752
R1,tile_0134,bare ground,0.5918072909116745,0.5826548486948013,0.6406979262828827,0.6675726175308228
R1,tile_0135,bare ground,0.6149806082248688,0.6133802607655525,0.6738445162773132,0.6720392405986786
R1,tile_0136,bare ground,0.5915485322475433,0.58242067694664,0.6549838185310364,0.6565850973129272
R1,tile_0141,water body,0.5922124534845352,0.6611038744449615,0.6561204046010971,0.7426093518733978
R1,tile_0142,water body,0.5700883641839027,0.6450287252664566,0.6936816871166229,0.6675444543361664
R1,tile_0143,cultivated vegetation,0.585024282336235,0.6622439622879028,0.5625230818986893,0.6799741089344025
R1,tile_0144,cultivated vegetation,0.6744907796382904,0.6190482527017593,0.5995805561542511,0.7587046921253204
R1,tile_0145,cultivated vegetation,0.5812634527683258,0.6558684259653091,0.5597294867038727,0.6774452328681946
R1,tile_0146,cultivated vegetation,0.5635117739439011,0.6683789193630219,0.563538484275341,0.6035248190164566
R1,tile_0147,cultivated vegetation,0.6100335344672203,0.678306519985199,0.6648662686347961,0.6393229216337204
R1,tile_0148,cultivated vegetation,0.6020886823534966,0.6786441057920456,0.6026033312082291,0.6936407089233398
R1,tile_0149,cultivated vegetation,0.6152094900608063,0.6053363159298897,0.544237419962883,0.63003309071064
R1,tile_0150,cultivated vegetation,0.6167014688253403,0.6549263000488281,0.5629325285553932,0.5849038064479828
R1,tile_0151,cultivated vegetation,0.5683622509241104,0.6905408203601837,0.6277264654636383,0.7446777820587158
R1,tile_0152,cultivated vegetation,0.6482311338186264,0.6426497548818588,0.5478830263018608,0.6084393337368965
R1,tile_0153,cultivated vegetation,0.6421389430761337,0.6743068248033524,0.6113612651824951,0.7630792260169983
R1,tile_0154,water body,0.571160726249218,0.6225627660751343,0.6004030629992485,0.6849515438079834
R1,tile_0155,water body,0.6097936630249023,0.6144928187131882,0.6524638086557388,0.6405145674943924
R1,tile_0156,forest,0.5940168723464012,0.654958188533783,0.7320237159729004,0.7442501187324524
R1,tile_0157,bare ground,0.5994642525911331,0.5727408826351166,0.5925988033413887,0.7154075801372528
R1,tile_0158,bare ground,0.6141877919435501,0.5823680013418198,0.6367954611778259,0.6991845369338989
R1,tile_0159,bare ground,0.6045709922909737,0.5747321248054504,0.7107443362474442,0.681091770529747
R1,tile_0164,water body,0.5967224389314651,0.6656621396541595,0.6625469028949738,0.6786980479955673
R1,tile_0165,water body,0.5875825509428978,0.6299751251935959,0.6724773347377777,0.7006357610225677
R1,tile_0166,water body,0.5576135963201523,0.7154462486505508,0.6432971358299255,0.6773504614830017
R1,tile_0167,forest,0.6128750368952751,0.552278682589531,0.7501474022865295,0.7356002926826477
R1,tile_0168,cultivated vegetation,0.6012643873691559,0.6599034368991852,0.4988819733262062,0.7781975716352463
R1,tile_0169,cultivated vegetation,0.6313518434762955,0.6771788001060486,0.5721074342727661,0.7355612516403198
R1,tile_0170,cultivated vegetation,0.6519381701946259,0.6703150272369385,0.6436966359615326,0.6729651987552643
R1,tile_0171,cultivated vegetation,0.6903918087482452,0.6798235327005386,0.6042908132076263,0.6864802539348602
R1,tile_0172,cultivated vegetation,0.6750728189945221,0.6577809900045395,0.5615018308162689,0.714462548494339
R1,tile_0173,cultivated vegetation,0.6265058368444443,0.6340719014406204,0.5918996036052704,0.6710080057382584
R1,tile_0174,cultivated vegetation,0.6234119832515717,0.6512047350406647,0.566716194152832,0.6343445926904678
R1,tile_0175,cultivated vegetation,0.6578782945871353,0.6498268246650696,0.6134797632694244,0.621335543692112
R1,tile_0176,water body,0.5831547826528549,0.6190228462219238,0.6888048350811005,0.7234084606170654
R1,tile_0177,water body,0.598888024687767,0.6651714444160461,0.6607461720705032,0.6423929333686829
R1,tile_0178,forest,0.605105571448803,0.6014741584658623,0.7744470238685608,0.6917021423578262
R1,tile_0179,bare ground,0.6096439063549042,0.6260178983211517,0.604364313185215,0.7001262903213501
R1,tile_0180,bare ground,0.6014102697372437,0.6086016446352005,0.6796117871999741,0.732707679271698
R1,tile_0181,bare ground,0.5834964290261269,0.6177773699164391,0.6168849021196365,0.6597540527582169
R1,tile_0182,bare ground,0.5911305919289589,0.6316375732421875,0.6323840469121933,0.684485137462616
R1,tile_0187,cultivated vegetation,0.6340843439102173,0.6071672588586807,0.6308942288160324,0.635048896074295
R1,tile_0188,water body,0.5940960720181465,0.6744067370891571,0.6419883668422699,0.7438755035400391
R1,tile_0189,water body,0.5843191593885422,0.6747438013553619,0.6673618406057358,0.6433523446321487
R1,tile_0190,water body,0.5878588557243347,0.6567424535751343,0.669272392988205,0.7156629860401154
R1,tile_0191,water body,0.5742040276527405,0.7134101539850235,0.6394341588020325,0.7203613221645355
R1,tile_0192,forest,0.616210326552391,0.6334428489208221,0.7724975794553757,0.7064078748226166
R1,tile_0193,forest,0.6153678521513939,0.5991885811090469,0.7733164727687836,0.7204286754131317
R1,tile_0194,cultivated vegetation,0.6720080971717834,0.6664370745420456,0.6219944357872009,0.5244828760623932
R1,tile_0195,cultivated vegetation,0.5880920588970184,0.6580109894275665,0.6068025529384613,0.6748856604099274
R1,tile_0196,cultivated vegetation,0.6726549565792084,0.664597749710083,0.5696213990449905,0.758715346455574
R1,tile_0197,bare ground,0.6086906790733337,0.62034722417593,0.6384653598070145,0.6993871927261353
R1,tile_0198,water body,0.5593325197696686,0.6723913550376892,0.6034666299819946,0.6668450683355331
R1,tile_0199,forest,0.6221011281013489,0.6195482611656189,0.7881920039653778,0.7425448298454285
R1,tile_0200,forest,0.619976744055748,0.5522724241018295,0.7910628616809845,0.682847648859024
R1,tile_0201,bare ground,0.5974318087100983,0.610775500535965,0.6298741698265076,0.597129762172699
R1,tile_0202,bare ground,0.5803479999303818,0.6219615042209625,0.6280515342950821,0.6752036511898041
R1,tile_0203,bare ground,0.6037906184792519,0.6596368551254272,0.5702976509928703,0.6608211249113083
R1,tile_0204,bare ground,0.5557047575712204,0.6150250509381294,0.6349897384643555,0.6862761825323105
R1,tile_0205,bare ground,0.587213858962059,0.6421166658401489,0.6312304735183716,0.6462058424949646
R1,tile_0210,bare ground,0.6089602410793304,0.6155337393283844,0.6841184198856354,0.6333315372467041
R1,tile_0211,cultivated vegetation,0.6060407310724258,0.6995071470737457,0.6462468206882477,0.7456615567207336
R1,tile_0212,forest,0.5706358700990677,0.5385055765509605,0.740043967962265,0.6436632573604584
R1,tile_0213,water body,0.5759020894765854,0.678117498755455,0.6443566083908081,0.7415591180324554
R1,tile_0214,forest,0.5639265105128288,0.6169389933347702,0.7922956347465515,0.701068565249443
R1,tile_0215,water body,0.6174828857183456,0.6558553874492645,0.6302763521671295,0.6797626614570618
R1,tile_0216,water body,0.591479055583477,0.7215610146522522,0.6543125957250595,0.7477401196956635
R1,tile_0217,water body,0.5629236251115799,0.5934157222509384,0.6704604625701904,0.7278335094451904
R1,tile_0218,bare ground,0.6354334950447083,0.6001885607838631,0.674138218164444,0.6214607506990433
R1,tile_0219,bare ground,0.5794141069054604,0.5695489794015884,0.6623335182666779,0.7354424893856049
R1,tile_0220,bare ground,0.5825952440500259,0.610707625746727,0.6634727120399475,0.6224165856838226
R1,tile_0221,water body,0.5654134601354599,0.7065731287002563,0.6485961377620697,0.7106758654117584
R1,tile_0222,field,0.5875106900930405,0.5867113545536995,0.6576955318450928,0.7007700949907303
R1,tile_0223,forest,0.5981713533401489,0.6062211841344833,0.7076910138130188,0.7527429610490799
R1,tile_0224,forest,0.5987001955509186,0.5796969681978226,0.7825419306755066,0.7135525345802307
R1,tile_0225,forest,0.6116873025894165,0.5819729715585709,0.8042330294847488,0.7341600209474564
R1,tile_0226,forest,0.611284039914608,0.5425794422626495,0.7736948132514954,0.7416607439517975
R1,tile_0227,bare ground,0.5771610885858536,0.5430291965603828,0.6325864791870117,0.5986049771308899
R1,tile_0228,bare ground,0.5993737280368805,0.5555235594511032,0.665840208530426,0.6364722549915314
R1,tile_0233,bare ground,0.5628130212426186,0.6433852016925812,0.7112175226211548,0.6735797971487045
R1,tile_0234,cultivated vegetation,0.6041548773646355,0.66838338971138,0.5013062059879303,0.6417902559041977
R1,tile_0235,cultivated vegetation,0.5709829181432724,0.6746304780244827,0.5995341390371323,0.715111643075943
R1,tile_0236,cultivated vegetation,0.6057589873671532,0.6539951264858246,0.6645043194293976,0.7223238050937653
R1,tile_0237,cultivated vegetation,0.5456522107124329,0.6436222046613693,0.6203413382172585,0.7075297832489014
R1,tile_0238,water body,0.5780049413442612,0.6978192925453186,0.652313157916069,0.7684080302715302
R1,tile_0239,water body,0.5928197130560875,0.6959997117519379,0.6228431314229965,0.6868273019790649
R1,tile_0240,water body,0.5924627184867859,0.6281657516956329,0.6994299590587616,0.6789642572402954
R1,tile_0241,water body,0.5881750583648682,0.6411068886518478,0.674833357334137,0.6535951048135757
R1,tile_0242,water body,0.5784620344638824,0.6482492387294769,0.6989175081253052,0.6737366318702698
R1,tile_0243,water body,0.5782903730869293,0.6028226763010025,0.704701691865921,0.6536010652780533
R1,tile_0244,water body,0.5908587202429771,0.634365975856781,0.6747919321060181,0.690925121307373
R1,tile_0245,water body,0.6269326061010361,0.6561180949211121,0.6993911415338516,0.7211898267269135
R1,tile_0246,water body,0.6381061673164368,0.6419064104557037,0.7209400832653046,0.6936962902545929
R1,tile_0247,field,0.6292986869812012,0.5542415753006935,0.6012473627924919,0.6304756551980972
R1,tile_0248,field,0.5767803639173508,0.5607926845550537,0.6880678981542587,0.726204514503479
R1,tile_0249,bare ground,0.5515693873167038,0.6103524565696716,0.6372959911823273,0.7393195480108261
R1,tile_0250,bare ground,0.615997314453125,0.6074156612157822,0.5902579426765442,0.6580221652984619
R1,tile_0251,bare ground,0.5945560336112976,0.5831854790449142,0.6530889868736267,0.7238878309726715
R1,tile_0256,bare ground,0.5748966336250305,0.6254758685827255,0.634252279996872,0.67644402384758
R1,tile_0257,bare ground,0.6057631969451904,0.680268406867981,0.6748539209365845,0.6475715339183807
R1,tile_0258,cultivated vegetation,0.5951982736587524,0.6557225435972214,0.5563220381736755,0.6243951246142387
R1,tile_0259,cultivated vegetation,0.6202002614736557,0.6376646459102631,0.5506895482540131,0.587446540594101
R1,tile_0260,bare ground,0.5869786813855171,0.6282225251197815,0.597463883459568,0.6352157890796661
R1,tile_0261,cultivated vegetation,0.6391285359859467,0.6557390093803406,0.569816380739212,0.684393048286438
R1,tile_0262,cultivated vegetation,0.6253932416439056,0.6684832274913788,0.5566056072711945,0.7154010981321335
R1,tile_0263,cultivated vegetation,0.6028879433870316,0.6552522629499435,0.5918364226818085,0.6985720992088318
R1,tile_0264,water body,0.543023981153965,0.6183074042201042,0.6739002466201782,0.7182453572750092
R1,tile_0265,water body,0.5920776724815369,0.655151754617691,0.6794406473636627,0.6426197290420532
R1,tile_0266,forest,0.6131701171398163,0.59869434684515,0.755520761013031,0.6962507963180542
R1,tile_0267,forest,0.63178651034832,0.6087689846754074,0.7698869705200195,0.6818667054176331
R1,tile_0268,water body,0.6059074401855469,0.6970909237861633,0.6337146461009979,0.6454236805438995
R1,tile_0269,water body,0.5999279767274857,0.7103097438812256,0.679825097322464,0.7055974006652832
R1,tile_0270,water body,0.5881938338279724,0.6496517360210419,0.7006439566612244,0.760173425078392
R1,tile_0271,field,0.6000987440347672,0.5724184960126877,0.6668124347925186,0.6686640530824661
R1,tile_0272,field,0.6298097223043442,0.6558217108249664,0.6671962141990662,0.6847086548805237
R1,tile_0273,bare ground,0.6132954359054565,0.6114494800567627,0.6613176316022873,0.6451192498207092
R1,tile_0274,bare ground,0.6068066880106926,0.604490339756012,0.6386132538318634,0.5873364210128784
R1,tile_0279,bare ground,0.5995548516511917,0.6324383616447449,0.6165283173322678,0.6438662111759186
R1,tile_0280,bare ground,0.6295183300971985,0.6074246764183044,0.6490008533000946,0.6078795343637466
R1,tile_0281,cultivated vegetation,0.5732544884085655,0.6266609579324722,0.5714860558509827,0.6857328861951828
R1,tile_0282,forest,0.6507676839828491,0.608217790722847,0.6925306469202042,0.677662119269371
R1,tile_0283,field,0.55739626288414,0.6701278686523438,0.7067522406578064,0.7171368598937988
R1,tile_0284,forest,0.6187565252184868,0.5632080882787704,0.6595322489738464,0.7320705056190491
R1,tile_0285,bare ground,0.5939047783613205,0.6107394397258759,0.6265133619308472,0.6685483455657959
R1,tile_0286,cultivated vegetation,0.6723678112030029,0.5728215351700783,0.6052640452980995,0.5363428965210915
R1,tile_0287,forest,0.6320030242204666,0.5466382205486298,0.7784445583820343,0.7266965508460999
R1,tile_0288,forest,0.6153785437345505,0.5946040153503418,0.7196783274412155,0.7744652032852173
R1,tile_0289,bare ground,0.5988821759819984,0.5519430711865425,0.6308913975954056,0.7319080084562302
R1,tile_0290,bare ground,0.5656835436820984,0.5997911095619202,0.6474266201257706,0.7094735652208328
R1,tile_0291,bare ground,0.5910530686378479,0.6097814813256264,0.6082453578710556,0.7607492804527283
R1,tile_0292,bare ground,0.605115108191967,0.6008215248584747,0.7008896768093109,0.6276954710483551
R1,tile_0293,water body,0.5990760028362274,0.72257399559021,0.6145620718598366,0.7180383801460266
R1,tile_0294,water body,0.5787460505962372,0.6818565726280212,0.6662028282880783,0.7679682970046997
R1,tile_0295,forest,0.6292587518692017,0.6532533466815948,0.7829552888870239,0.7315924763679504
R1,tile_0296,forest,0.645538717508316,0.6107305362820625,0.7594536989927292,0.697772204875946
R1,tile_0297,bare ground,0.5808030068874359,0.5785709992051125,0.6277471035718918,0.7369806617498398
R1,tile_0302,cultivated vegetation,0.6234723329544067,0.6675928086042404,0.6170842051506042,0.6846481561660767
R1,tile_0303,bare ground,0.6161126494407654,0.6279774010181427,0.7067592442035675,0.6177528575062752
R1,tile_0304,bare ground,0.6274281442165375,0.600091814994812,0.6575609743595123,0.7458573579788208
R1,tile_0305,bare ground,0.5959374457597733,0.6518565118312836,0.6435781717300415,0.7476207613945007
R1,tile_0306,bare ground,0.583408996462822,0.6142639368772507,0.5787675455212593,0.6960742920637131
R1,tile_0307,bare ground,0.5807536840438843,0.6293006241321564,0.6236723810434341,0.7007491588592529
R1,tile_0308,bare ground,0.5764787644147873,0.5759025737643242,0.7115325331687927,0.6523320078849792
R1,tile_0309,bare ground,0.6150015443563461,0.632682591676712,0.683249905705452,0.688340961933136
R1,tile_0310,bare ground,0.5795219540596008,0.5832477658987045,0.6701263040304184,0.726301521062851
R1,tile_0311,bare ground,0.5803428962826729,0.5996961891651154,0.7085037976503372,0.596444383263588
R1,tile_0312,bare ground,0.5769871175289154,0.5657712370157242,0.6625539809465408,0.6627558916807175
R1,tile_0313,bare ground,0.5767969787120819,0.6174128130078316,0.6624752283096313,0.6351814419031143
R1,tile_0314,bare ground,0.583476722240448,0.6120078265666962,0.6742604076862335,0.659966915845871
R1,tile_0315,bare ground,0.6024565547704697,0.6003981828689575,0.7041667401790619,0.6465883553028107
R1,tile_0316,forest,0.6275756657123566,0.5649375542998314,0.7786399126052856,0.7189182937145233
R1,tile_0317,water body,0.6397950649261475,0.7131679356098175,0.6527954339981079,0.6976298987865448
R1,tile_0318,water body,0.6117024272680283,0.6678467988967896,0.6254532933235168,0.6778130680322647
R1,tile_0319,water body,0.58172807097435,0.6407077610492706,0.6865613162517548,0.7028245180845261
R1,tile_0320,water body,0.6098122149705887,0.6726409494876862,0.6222984194755554,0.7468281686306
R1,tile_0325,cultivated vegetation,0.6364869326353073,0.6853608787059784,0.6820211559534073,0.6973382830619812
R1,tile_0326,cultivated vegetation,0.630795955657959,0.6398124992847443,0.5811623483896255,0.6754625588655472
R1,tile_0327,bare ground,0.5877024680376053,0.6171491369605064,0.6705085933208466,0.6347895413637161
R1,tile_0328,bare ground,0.6144309788942337,0.6244350969791412,0.6239613518118858,0.6207220256328583
R1,tile_0329,bare ground,0.51566231995821,0.5800178647041321,0.6016542762517929,0.6609585881233215
R1,tile_0330,bare ground,0.5975819751620293,0.580611526966095,0.700453370809555,0.5687158554792404
R1,tile_0331,bare ground,0.5242691934108734,0.6196876615285873,0.6785057485103607,0.6407752633094788
R1,tile_0332,bare ground,0.6283709406852722,0.635157972574234,0.6746953725814819,0.6555968523025513
R1,tile_0333,bare ground,0.5707404762506485,0.6209437549114227,0.5758313089609146,0.7739820331335068
R1,tile_0334,cultivated vegetation,0.69174624979496,0.5991322174668312,0.6058855354785919,0.5976121127605438
R1,tile_0335,bare ground,0.5531679093837738,0.6051456555724144,0.6066912785172462,0.7030126452445984
R1,tile_0336,bare ground,0.5731507763266563,0.585741400718689,0.6583580374717712,0.6759814918041229
R1,tile_0337,bare ground,0.5872812122106552,0.5750367045402527,0.666157454252243,0.6582877784967422
R1,tile_0338,urban area,0.623181164264679,0.6278066337108612,0.626312643289566,0.643412321805954
R1,tile_0339,forest,0.5375160276889801,0.5180038139224052,0.6685557961463928,0.6380636245012283
R1,tile_0340,bare ground,0.5910488590598106,0.6213844195008278,0.6562237441539764,0.659460723400116
R1,tile_0341,bare ground,0.598350316286087,0.5938532203435898,0.6259919703006744,0.747378021478653
R1,tile_0342,bare ground,0.5993445962667465,0.6113504618406296,0.6578674912452698,0.6807146221399307
R1,tile_0343,cultivated vegetation,0.6474378705024719,0.6450260430574417,0.5895952880382538,0.6119042634963989
R1,tile_0348,cultivated vegetation,0.6031437590718269,0.6716449558734894,0.6176503375172615,0.6357453763484955
R1,tile_0349,cultivated vegetation,0.5959318578243256,0.6587260961532593,0.607357956469059,0.6448602676391602
R1,tile_0350,bare ground,0.61592698097229,0.6199641898274422,0.6705993413925171,0.6249768659472466
R1,tile_0351,bare ground,0.6089598312973976,0.6234994903206825,0.6684809178113937,0.6061314791440964
R1,tile_0352,forest,0.6026571989059448,0.502038300037384,0.7552772760391235,0.7136113941669464
R1,tile_0353,cultivated vegetation,0.6855839490890503,0.6429985910654068,0.655895471572876,0.5901806801557541
R1,tile_0354,bare ground,0.5766434222459793,0.5978149920701981,0.6517573446035385,0.71151502430439
R1,tile_0355,bare ground,0.6045613437891006,0.6114906072616577,0.6379745900630951,0.760049968957901
R1,tile_0356,bare ground,0.5909911170601845,0.5772383511066437,0.6726931780576706,0.6824827194213867
R1,tile_0357,bare ground,0.564875490963459,0.6308678537607193,0.6838873773813248,0.6551550328731537
R1,tile_0358,bare ground,0.5724954605102539,0.61451256275177,0.5841466784477234,0.7284119725227356
R1,tile_0359,bare ground,0.5940448865294456,0.5705567449331284,0.6108564510941505,0.6542867422103882
R1,tile_0360,field,0.5951665341854095,0.6475308537483215,0.6588934361934662,0.6343550980091095
R1,tile_0361,cultivated vegetation,0.6767849624156952,0.6288985162973404,0.6145457178354263,0.4897753149271011
R1,tile_0362,forest,0.6027350574731827,0.5945444479584694,0.7336992025375366,0.7010171562433243
R1,tile_0363,bare ground,0.6167852878570557,0.6291234493255615,0.7392960786819458,0.6083406880497932
R1,tile_0364,bare ground,0.5825820937752724,0.630105584859848,0.6297061592340469,0.6023085862398148
R1,tile_0365,cultivated vegetation,0.6299236416816711,0.6793710589408875,0.6535561382770538,0.6494258344173431
R1,tile_0366,cultivated vegetation,0.592350959777832,0.6784152239561081,0.652184784412384,0.6343342363834381
R1,tile_0371,cultivated vegetation,0.6456726789474487,0.6698699295520782,0.5976970121264458,0.5866467952728271
R1,tile_0372,cultivated vegetation,0.6219477951526642,0.649498775601387,0.6318273395299911,0.643058642745018
R1,tile_0373,cultivated vegetation,0.606333538889885,0.6143232434988022,0.5509224534034729,0.6244329735636711
R1,tile_0374,cultivated vegetation,0.6794121116399765,0.6049729138612747,0.6553942710161209,0.5557103827595711
R1,tile_0375,cultivated vegetation,0.688587948679924,0.5741876363754272,0.58753602206707,0.5373872071504593
R1,tile_0376,bare ground,0.5842503905296326,0.5620314553380013,0.6608906388282776,0.6120647117495537
R1,tile_0377,bare ground,0.5800142139196396,0.6428498029708862,0.629417896270752,0.7309421896934509
R1,tile_0378,bare ground,0.5952007323503494,0.6252571940422058,0.6860993802547455,0.5938245356082916
R1,tile_0379,bare ground,0.5707346647977829,0.6128836423158646,0.6514299660921097,0.7247953116893768
R1,tile_0380,bare ground,0.563373938202858,0.5861086398363113,0.6400015205144882,0.7294358313083649
R1,tile_0381,bare ground,0.5609888955950737,0.5906524509191513,0.5964252725243568,0.7206793129444122
R1,tile_0382,bare ground,0.6154555827379227,0.6293186545372009,0.6471303850412369,0.6741903722286224
R1,tile_0383,field,0.607801228761673,0.5893147736787796,0.6699036806821823,0.5883221328258514
R1,tile_0384,cultivated vegetation,0.6471346318721771,0.682152509689331,0.6126865744590759,0.504186600446701
R1,tile_0385,cultivated vegetation,0.6942473351955414,0.6501065194606781,0.6337529420852661,0.5305922031402588
R1,tile_0386,cultivated vegetation,0.6298291683197021,0.687735378742218,0.592576414346695,0.6292029470205307
R1,tile_0387,cultivated vegetation,0.5883747711777687,0.6650996953248978,0.616566613316536,0.7709360122680664
R1,tile_0388,cultivated vegetation,0.6425558030605316,0.6734319031238556,0.6072667986154556,0.7303286343812943
R1,tile_0389,cultivated vegetation,0.625547468662262,0.6519336253404617,0.611775666475296,0.5901512876152992
R1,tile_0394,cultivated vegetation,0.6003236025571823,0.6711141765117645,0.6550884991884232,0.6147843226790428
R1,tile_0395,cultivated vegetation,0.6142099946737289,0.6475429236888885,0.665559321641922,0.6912696361541748
R1,tile_0396,cultivated vegetation,0.6370078027248383,0.6271789222955704,0.7086605578660965,0.6729783117771149
R1,tile_0397,cultivated vegetation,0.622386671602726,0.6729405373334885,0.6042469292879105,0.6468195468187332
R1,tile_0398,cultivated vegetation,0.6100388616323471,0.6577509641647339,0.6488129496574402,0.6885652989149094
R1,tile_0399,cultivated vegetation,0.6628110259771347,0.664617121219635,0.6141038239002228,0.6384770572185516
R1,tile_0400,cultivated vegetation,0.666932612657547,0.6310655921697617,0.6559336185455322,0.5992043390870094
R1,tile_0401,cultivated vegetation,0.6238202005624771,0.5877377837896347,0.6582328677177429,0.6165769696235657
R1,tile_0402,cultivated vegetation,0.6780797243118286,0.6110239401459694,0.6417495012283325,0.5604269355535507
R1,tile_0403,bare ground,0.5703777074813843,0.6209629774093628,0.5861842632293701,0.7225768268108368
R1,tile_0404,bare ground,0.5701898038387299,0.5719976872205734,0.6000461429357529,0.7403744757175446
R1,tile_0405,bare ground,0.577317364513874,0.6577207148075104,0.6467939168214798,0.5962783470749855
R1,tile_0406,field,0.6151387095451355,0.6777358800172806,0.6771601736545563,0.6951010972261429
R1,tile_0407,cultivated vegetation,0.6249931082129478,0.5561164394021034,0.5368657410144806,0.5336866527795792
R1,tile_0408,forest,0.571351982653141,0.5325230211019516,0.6822666525840759,0.6360664963722229
R1,tile_0409,cultivated vegetation,0.6823711842298508,0.676068589091301,0.6258372962474823,0.649048238992691
R1,tile_0410,cultivated vegetation,0.6303520500659943,0.6758873164653778,0.6398286670446396,0.7176950573921204
R1,tile_0411,cultivated vegetation,0.6506587564945221,0.6518101692199707,0.5959891155362129,0.7014752924442291
R1,tile_0412,cultivated vegetation,0.6617778539657593,0.6678983569145203,0.6001181527972221,0.6472340971231461
R1,tile_0417,field,0.5665239691734314,0.526539608836174,0.6657403707504272,0.6592171639204025
R1,tile_0418,field,0.619005411863327,0.6457111239433289,0.7059018313884735,0.7394801825284958
R1,tile_0419,cultivated vegetation,0.6708590686321259,0.6317063421010971,0.6534120440483093,0.6566990911960602
R1,tile_0420,cultivated vegetation,0.6082486361265182,0.6565620750188828,0.6046541035175323,0.6837152689695358
R1,tile_0421,cultivated vegetation,0.5682167410850525,0.6450745463371277,0.6410573422908783,0.6742265820503235
R1,tile_0422,cultivated vegetation,0.6266714632511139,0.5976074934005737,0.5607456341385841,0.6140094250440598
R1,tile_0423,cultivated vegetation,0.569305419921875,0.6071125715970993,0.6353801488876343,0.6971524655818939
R1,tile_0424,bare ground,0.5977971479296684,0.6146004796028137,0.660816878080368,0.6485211849212646
R1,tile_0425,bare ground,0.5608746036887169,0.6107914447784424,0.630430281162262,0.5945717170834541
R1,tile_0426,bare ground,0.5637612193822861,0.600995197892189,0.5896579474210739,0.7113362848758698
R1,tile_0427,bare ground,0.5696335807442665,0.6007353216409683,0.5930493026971817,0.7424209266901016
R1,tile_0428,bare ground,0.5953783914446831,0.6510511040687561,0.6679856032133102,0.7060066610574722
R1,tile_0429,forest,0.5447610840201378,0.5480659753084183,0.6628897786140442,0.6798827648162842
R1,tile_0430,forest,0.6630973517894745,0.6526939570903778,0.7972534000873566,0.676913782954216
R1,tile_0431,forest,0.5957429856061935,0.5164653807878494,0.6479259580373764,0.6136119365692139
R1,tile_0432,cultivated vegetation,0.6232691556215286,0.654507651925087,0.5801910907030106,0.6523673236370087
R1,tile_0433,cultivated vegetation,0.6630507111549377,0.6681908667087555,0.585518404841423,0.6683006882667542
R1,tile_0434,cultivated vegetation,0.6291332095861435,0.6653045862913132,0.6347038596868515,0.6867867708206177
R1,tile_0435,cultivated vegetation,0.6305169314146042,0.650327205657959,0.6035210564732552,0.764995813369751
R1,tile_0440,field,0.616770014166832,0.6098565459251404,0.6328842043876648,0.6681456416845322
R1,tile_0441,cultivated vegetation,0.514567643404007,0.6339477002620697,0.6756861507892609,0.8026031404733658
R1,tile_0442,cultivated vegetation,0.6266853958368301,0.6666366755962372,0.6350944191217422,0.7011254876852036
R1,tile_0443,cultivated vegetation,0.6070450693368912,0.611734576523304,0.5876998603343964,0.6341633945703506
R1,tile_0444,field,0.6164208799600601,0.6444912403821945,0.6845162063837051,0.6788143515586853
R1,tile_0445,field,0.5547239631414413,0.6687875092029572,0.6563850492238998,0.7064749300479889
R1,tile_0446,cultivated vegetation,0.6119299679994583,0.6888921558856964,0.6329214572906494,0.5892925709486008
R1,tile_0447,cultivated vegetation,0.6518153101205826,0.6804333627223969,0.5583501234650612,0.7216603308916092
R1,tile_0448,bare ground,0.6528772413730621,0.6580588966608047,0.6466883420944214,0.6152975559234619
R1,tile_0449,bare ground,0.5893406271934509,0.606251060962677,0.6086447834968567,0.6725133210420609
R1,tile_0450,bare ground,0.5497337132692337,0.5804724991321564,0.6621694564819336,0.7239276170730591
R1,tile_0451,field,0.6183022260665894,0.663820281624794,0.6444036960601807,0.6661905348300934
R1,tile_0452,field,0.5844523012638092,0.5545682460069656,0.6124842166900635,0.5806362256407738
R1,tile_0453,forest,0.6161933019757271,0.5386529117822647,0.7445737719535828,0.5618771910667419
R1,tile_0454,cultivated vegetation,0.6202058494091034,0.6364526599645615,0.6232734769582748,0.5832198262214661
R1,tile_0455,cultivated vegetation,0.6163767352700233,0.6466171145439148,0.4812547564506531,0.6231886148452759
R1,tile_0456,bare ground,0.60698002576828,0.6430178135633469,0.6963567435741425,0.639893040060997
R1,tile_0457,bare ground,0.5835781991481781,0.6142424419522285,0.6843249499797821,0.6853802502155304
R1,tile_0458,bare ground,0.5699966102838516,0.6376646459102631,0.6624233722686768,0.680994987487793
R1,tile_0463,cultivated vegetation,0.6453849375247955,0.6520143151283264,0.6136548146605492,0.5156199261546135
R1,tile_0464,forest,0.5723114311695099,0.4848671704530716,0.7354563474655151,0.6635025888681412
R1,tile_0465,forest,0.6150233745574951,0.5244002491235733,0.7608954608440399,0.7570363581180573
R1,tile_0466,cultivated vegetation,0.6690922379493713,0.6515699625015259,0.6814389675855637,0.6276009976863861
R1,tile_0467,cultivated vegetation,0.680575892329216,0.6642285734415054,0.68825364112854,0.7268340885639191
R1,tile_0468,cultivated vegetation,0.6729717552661896,0.6807433068752289,0.6807301193475723,0.7188631594181061
R1,tile_0469,cultivated vegetation,0.6640566885471344,0.696478933095932,0.7053951919078827,0.7045580446720123
R1,tile_0470,cultivated vegetation,0.6400725245475769,0.6511183083057404,0.638916939496994,0.7006755471229553
R1,tile_0471,cultivated vegetation,0.6236851960420609,0.6553220748901367,0.6310190260410309,0.7651284337043762
R1,tile_0472,cultivated vegetation,0.6426261365413666,0.6233764067292213,0.6075023114681244,0.6554532051086426
R1,tile_0473,cultivated vegetation,0.6232041120529175,0.6371570378541946,0.5782092362642288,0.6766393035650253
R1,tile_0474,cultivated vegetation,0.5641715228557587,0.6455012410879135,0.5994841456413269,0.804370790719986
R1,tile_0475,field,0.5901823937892914,0.6391891092061996,0.6381573528051376,0.6443891674280167
R1,tile_0476,field,0.5944386124610901,0.5551821738481522,0.6446497142314911,0.5606795474886894
R1,tile_0477,field,0.5953878164291382,0.5679800361394882,0.617406889796257,0.6138146668672562
R1,tile_0478,forest,0.5623938143253326,0.5045721679925919,0.6606228649616241,0.5822815746068954
R1,tile_0479,forest,0.6315207481384277,0.6062547862529755,0.7747890055179596,0.7417479157447815
R1,tile_0480,forest,0.629238486289978,0.6187868863344193,0.7892324030399323,0.7607050985097885
R1,tile_0481,forest,0.6616164743900299,0.6281153857707977,0.7250400632619858,0.7364653050899506
R1,tile_0486,cultivated vegetation,0.7108171284198761,0.6162196770310402,0.5822888016700745,0.497467927634716
R1,tile_0487,cultivated vegetation,0.6995852291584015,0.5976219475269318,0.6902685016393661,0.5963247269392014
R1,tile_0488,cultivated vegetation,0.6032438576221466,0.654585212469101,0.6617735326290131,0.7550927996635437
R1,tile_0489,cultivated vegetation,0.6742793321609497,0.6657747179269791,0.6050644069910049,0.7199471443891525
R1,tile_0490,cultivated vegetation,0.5640809237957001,0.6667608022689819,0.6559041142463684,0.6925607472658157
R1,tile_0491,cultivated vegetation,0.6224040687084198,0.6787193566560745,0.7155527174472809,0.633653923869133
R1,tile_0492,cultivated vegetation,0.6688275933265686,0.6872820854187012,0.6438654661178589,0.6770613789558411
R1,tile_0493,cultivated vegetation,0.613446980714798,0.6370633095502853,0.6006491929292679,0.6952875852584839
R1,tile_0494,cultivated vegetation,0.6348934769630432,0.6776921451091766,0.6519846618175507,0.6993460655212402
R1,tile_0495,field,0.5907555297017097,0.6535919010639191,0.6682314723730087,0.7669580727815628
R1,tile_0496,field,0.6171829253435135,0.636882483959198,0.6780338287353516,0.7176226377487183
R1,tile_0497,field,0.5919518321752548,0.6987982243299484,0.6525100767612457,0.7020293176174164
R1,tile_0498,field,0.609627477824688,0.638405978679657,0.637618899345398,0.7000496238470078
R1,tile_0499,field,0.6080693006515503,0.6589937955141068,0.6246837228536606,0.6269410997629166
R1,tile_0500,forest,0.5966893211007118,0.5623965337872505,0.739278644323349,0.643017590045929
R1,tile_0501,forest,0.6561402976512909,0.607246458530426,0.7231813669204712,0.6963322311639786
R1,tile_0502,forest,0.6143723800778389,0.5957706272602081,0.6571963429450989,0.6829503178596497
R1,tile_0503,forest,0.6548695266246796,0.6307319551706314,0.7632091641426086,0.6491561979055405
R1,tile_0504,forest,0.5975548923015594,0.511615127325058,0.7161134481430054,0.5743945017457008
R1,tile_0509,forest,0.625319629907608,0.5171995609998703,0.688563883304596,0.6431945413351059
R1,tile_0510,forest,0.6419788300991058,0.5545644462108612,0.7768013328313828,0.6899766623973846
R1,tile_0511,cultivated vegetation,0.6570707261562347,0.6362491846084595,0.6609908491373062,0.7465989887714386
R1,tile_0512,cultivated vegetation,0.6689226627349854,0.6734302639961243,0.6298385560512543,0.6681367754936218
R1,tile_0513,cultivated vegetation,0.6600726395845413,0.6532455235719681,0.6456812471151352,0.6763912737369537
R1,tile_0514,cultivated vegetation,0.5919504165649414,0.6644318997859955,0.6009755283594131,0.69536954164505
R1,tile_0515,cultivated vegetation,0.6495101749897003,0.6721768528223038,0.7123330235481262,0.629531592130661
R1,tile_0516,cultivated vegetation,0.6832365691661835,0.6531557440757751,0.6776458024978638,0.6382010877132416
R1,tile_0517,cultivated vegetation,0.6366313993930817,0.6889783591032028,0.6525099277496338,0.6964044272899628
R1,tile_0518,cultivated vegetation,0.6602360308170319,0.646456703543663,0.5937404185533524,0.590621680021286
R1,tile_0519,cultivated vegetation,0.6432360410690308,0.6434135138988495,0.6295080482959747,0.6727211177349091
R1,tile_0520,field,0.6361842900514603,0.578312985599041,0.6429371982812881,0.62758669257164
R1,tile_0521,field,0.5945810675621033,0.5959833413362503,0.5919439345598221,0.6163933128118515
R1,tile_0522,urban area,0.6782913208007812,0.5945279076695442,0.7049128413200378,0.6967383623123169
R1,tile_0523,field,0.5980739742517471,0.5733334273099899,0.6483592092990875,0.6140030175447464
R1,tile_0524,urban area,0.6746554374694824,0.6080092489719391,0.625537633895874,0.6632834672927856
R1,tile_0525,urban area,0.6647602468729019,0.6291726231575012,0.6490402668714523,0.6351439654827118
R1,tile_0526,urban area,0.708324983716011,0.6620671600103378,0.6776061654090881,0.6916399300098419
R1,tile_0527,urban area,0.6433037668466568,0.6581178307533264,0.6870424002408981,0.6868323683738708
R1,tile_0532,forest,0.6308488547801971,0.597645677626133,0.7595975697040558,0.7005372643470764
R1,tile_0533,forest,0.5953183770179749,0.5294224247336388,0.7460559904575348,0.6911611557006836
R1,tile_0534,cultivated vegetation,0.591428130865097,0.6549624353647232,0.6376919150352478,0.740511566400528
R1,tile_0535,cultivated vegetation,0.6259261071681976,0.6644438952207565,0.5624449625611305,0.6882351636886597
R1,tile_0536,cultivated vegetation,0.6690102070569992,0.6355874985456467,0.6774011254310608,0.6324232369661331
R1,tile_0537,cultivated vegetation,0.6321677565574646,0.6777247041463852,0.6938531994819641,0.6992202997207642
R1,tile_0538,cultivated vegetation,0.6471606343984604,0.668935626745224,0.6555278599262238,0.6474655866622925
R1,tile_0539,cultivated vegetation,0.6428141891956329,0.6397155672311783,0.6541601568460464,0.6714804470539093
R1,tile_0540,cultivated vegetation,0.5926957726478577,0.6835741549730301,0.6230272352695465,0.7044611871242523
R1,tile_0541,cultivated vegetation,0.6593607366085052,0.631660670042038,0.7035695761442184,0.638357475399971
R1,tile_0542,cultivated vegetation,0.6724502891302109,0.6524835526943207,0.5780862644314766,0.8209874480962753
R1,tile_0543,water body,0.5905786156654358,0.6291645765304565,0.5848394334316254,0.6375718116760254
R1,tile_0544,urban area,0.6122578680515289,0.6335670500993729,0.6678815186023712,0.6104187294840813
R1,tile_0545,forest,0.5522188544273376,0.5030394345521927,0.7380557060241699,0.58713398873806
R1,tile_0546,field,0.6012305617332458,0.5604368448257446,0.6480918824672699,0.6087783724069595
R1,tile_0547,bare ground,0.5920874699950218,0.5802546814084053,0.5797471478581429,0.5789737403392792
R1,tile_0548,urban area,0.6365584582090378,0.6615404039621353,0.700070708990097,0.6543152034282684
R1,tile_0549,urban area,0.6737686693668365,0.6239473074674606,0.6565253436565399,0.6464090198278427
R1,tile_0550,urban area,0.6498184055089951,0.6095568463206291,0.6557714939117432,0.6693138182163239
R2,tile_0000,cultivated vegetation,0.6073905900120735,0.6259144097566605,0.5711100250482559,0.573507696390152
R2,tile_0001,cultivated vegetation,0.5890247225761414,0.585164949297905,0.6289172917604446,0.5310565233230591
R2,tile_0002,water body,0.5909221991896629,0.6353116035461426,0.6973454356193542,0.7244585454463959
R2,tile_0003,cultivated vegetation,0.6894994527101517,0.6442372500896454,0.5692803859710693,0.5805514007806778
R2,tile_0004,cultivated vegetation,0.6180601567029953,0.58092400431633,0.5788808315992355,0.5526744574308395
R2,tile_0005,field,0.6299761682748795,0.6084427237510681,0.6231870502233505,0.6211840733885765
R2,tile_0006,cultivated vegetation,0.6519840657711029,0.6602118909358978,0.5829064175486565,0.715320035815239
R2,tile_0007,field,0.5685852468013763,0.5977653339505196,0.6854501366615295,0.6867283582687378
R2,tile_0008,urban area,0.7004598528146744,0.6233838945627213,0.6887452304363251,0.7519270479679108
R2,tile_0009,field,0.5483856797218323,0.5904234200716019,0.586848109960556,0.6178249418735504
R2,tile_0010,field,0.6022736430168152,0.5947066470980644,0.6209248304367065,0.6232453882694244
R2,tile_0011,cultivated vegetation,0.6453428417444229,0.6247050315141678,0.6375343352556229,0.7551276683807373
R2,tile_0012,cultivated vegetation,0.6084322184324265,0.6426110118627548,0.6318990141153336,0.7890987396240234
R2,tile_0013,cultivated vegetation,0.6402445584535599,0.7134085893630981,0.6628361344337463,0.6936927884817123
R2,tile_0014,cultivated vegetation,0.6230130791664124,0.7188528776168823,0.6596220284700394,0.6996237486600876
R2,tile_0015,field,0.6001900881528854,0.6800109148025513,0.728703960776329,0.6325751543045044
R2,tile_0016,cultivated vegetation,0.6330996751785278,0.6628045439720154,0.6197105720639229,0.6469777971506119
R2,tile_0017,cultivated vegetation,0.6684254109859467,0.6837166845798492,0.6587070971727371,0.6732238084077835
R2,tile_0018,cultivated vegetation,0.612434633076191,0.6543171405792236,0.6201091408729553,0.6810189038515091
R2,tile_0019,cultivated vegetation,0.6568583846092224,0.6795872002840042,0.5954455584287643,0.6076042726635933
R2,tile_0020,cultivated vegetation,0.6474552303552628,0.6649436056613922,0.6318492442369461,0.6243016570806503
R2,tile_0021,cultivated vegetation,0.6227428093552589,0.6810721755027771,0.6315925717353821,0.6163689494132996
R2,tile_0022,cultivated vegetation,0.6087998673319817,0.6109307333827019,0.6475934386253357,0.5367176979780197
R2,tile_0023,field,0.579904168844223,0.6257349997758865,0.5944425240159035,0.614892765879631
R2,tile_0024,cultivated vegetation,0.6151459366083145,0.5718973278999329,0.4627038538455963,0.5088132619857788
R2,tile_0025,urban area,0.6917453557252884,0.6293555349111557,0.7464036345481873,0.6583966314792633
R2,tile_0026,urban area,0.6868932396173477,0.6170988455414772,0.7220537960529327,0.6807857006788254
R2,tile_0027,field,0.6019625440239906,0.5940654873847961,0.6441432982683182,0.6024100631475449
R2,tile_0028,urban area,0.6814160943031311,0.7010079175233841,0.7111169397830963,0.6723793596029282
R2,tile_0029,cultivated vegetation,0.5134043842554092,0.6287215650081635,0.6367563456296921,0.5980168282985687
R2,tile_0030,cultivated vegetation,0.6684184819459915,0.6781572103500366,0.6688074022531509,0.714198425412178
R2,tile_0031,cultivated vegetation,0.6396223604679108,0.6239992380142212,0.645168349146843,0.5636562034487724
R2,tile_0032,cultivated vegetation,0.6572625786066055,0.5787353217601776,0.6722098588943481,0.5876590684056282
R2,tile_0033,field,0.612839087843895,0.5843684822320938,0.6168176978826523,0.5792500823736191
R2,tile_0034,cultivated vegetation,0.6204183399677277,0.6185343116521835,0.6256723403930664,0.5745594948530197
R2,tile_0035,cultivated vegetation,0.5680555105209351,0.6239707767963409,0.5897180736064911,0.6207868456840515
R2,tile_0036,forest,0.627935379743576,0.6185203045606613,0.7212669402360916,0.7033976912498474
R2,tile_0037,cultivated vegetation,0.6225865334272385,0.5968702957034111,0.6476050615310669,0.5656901001930237
R2,tile_0038,cultivated vegetation,0.5976463481783867,0.6841687858104706,0.602106899023056,0.676276832818985
R2,tile_0039,cultivated vegetation,0.7074568420648575,0.5962227284908295,0.5873822420835495,0.5140611529350281
R2,tile_0040,cultivated vegetation,0.6361554563045502,0.6455399841070175,0.5213905870914459,0.5769553780555725
R2,tile_0041,field,0.5935544520616531,0.6768736988306046,0.6859947741031647,0.6784652173519135
R2,tile_0042,field,0.5774173885583878,0.6994801759719849,0.666474848985672,0.7353749871253967
R2,tile_0043,urban area,0.6876028329133987,0.6310661137104034,0.7531469315290451,0.690288320183754
R2,tile_0044,urban area,0.7034043967723846,0.6428025662899017,0.7298412919044495,0.6992882490158081
R2,tile_0045,forest,0.5376522243022919,0.4645565897226333,0.6296645104885101,0.6123729050159454
R2,tile_0046,urban area,0.7200112193822861,0.6591580808162689,0.7223699986934662,0.72161465883255
R2,tile_0047,urban area,0.7163956761360168,0.656203031539917,0.6850991398096085,0.7215726375579834
R2,tile_0048,urban area,0.6778381764888763,0.6436271965503693,0.6666950881481171,0.5999761447310448
R2,tile_0049,cultivated vegetation,0.651618018746376,0.5722697079181671,0.5668893456459045,0.5202844366431236
R2,tile_0050,field,0.5690143629908562,0.6499996781349182,0.6741353124380112,0.6018431112170219
R2,tile_0051,field,0.5704638734459877,0.6355800479650497,0.6667274981737137,0.610140860080719
R2,tile_0052,cultivated vegetation,0.5528438463807106,0.6753479689359665,0.6671260297298431,0.661485567688942
R2,tile_0053,cultivated vegetation,0.5591459572315216,0.6532183289527893,0.6121635437011719,0.6593997776508331
R2,tile_0054,cultivated vegetation,0.5850613117218018,0.5868841707706451,0.6242536753416061,0.5425819009542465
R2,tile_0055,cultivated vegetation,0.6690150499343872,0.649692639708519,0.5894511938095093,0.5770474299788475
R2,tile_0056,cultivated vegetation,0.6539783626794815,0.6270699203014374,0.5897027254104614,0.5282703787088394
R2,tile_0057,cultivated vegetation,0.6019985675811768,0.5659471452236176,0.5591394007205963,0.5793085694313049
R2,tile_0058,cultivated vegetation,0.6635439395904541,0.6403457373380661,0.5553295463323593,0.5801844224333763
R2,tile_0059,cultivated vegetation,0.6173597276210785,0.6931108981370926,0.6138509511947632,0.6610117852687836
R2,tile_0060,field,0.6193944066762924,0.6540586054325104,0.6730656325817108,0.7014531642198563
R2,tile_0061,field,0.5527771636843681,0.5753176659345627,0.6830029189586639,0.6421996653079987
R2,tile_0062,urban area,0.6819790601730347,0.6180251017212868,0.6693406403064728,0.748223066329956
R2,tile_0063,urban area,0.6332169473171234,0.6508313864469528,0.6634160876274109,0.7629524171352386
R2,tile_0064,urban area,0.6697696447372437,0.6492207944393158,0.6867660582065582,0.7169722020626068
R2,tile_0065,urban area,0.7003790140151978,0.6694617122411728,0.7285071909427643,0.7623258233070374
R2,tile_0066,urban area,0.6983111798763275,0.6418062746524811,0.7268150150775909,0.6708426773548126
R2,tile_0067,cultivated vegetation,0.5786750465631485,0.5680741369724274,0.6051389873027802,0.4542914777994156
R2,tile_0068,field,0.575714074075222,0.6124871224164963,0.6356857717037201,0.5587504059076309
R2,tile_0069,field,0.6303649395704269,0.6777159124612808,0.6544609367847443,0.6592421233654022
R2,tile_0070,field,0.616823099553585,0.6119973957538605,0.5998845398426056,0.5829432606697083
R2,tile_0071,cultivated vegetation,0.6574436277151108,0.6417752802371979,0.559651181101799,0.5193433165550232
R2,tile_0072,field,0.5893361940979958,0.6007916480302811,0.6435757875442505,0.6124227494001389
R2,tile_0073,field,0.6187345832586288,0.5699034407734871,0.6291346251964569,0.5575687065720558
R2,tile_0074,field,0.6364522874355316,0.6627587974071503,0.6562067568302155,0.7468342781066895
R2,tile_0075,field,0.6222288310527802,0.5967829748988152,0.5954436212778091,0.6093877926468849
R2,tile_0076,cultivated vegetation,0.64496248960495,0.5973705649375916,0.6362596899271011,0.673697292804718
R2,tile_0077,cultivated vegetation,0.5863151326775551,0.6721372902393341,0.6498800218105316,0.7227024435997009
R2,tile_0078,forest,0.5711338296532631,0.581396222114563,0.7058744132518768,0.6491734832525253
R2,tile_0079,urban area,0.6838607788085938,0.6299896538257599,0.709337592124939,0.705767422914505
R2,tile_0080,urban area,0.697837769985199,0.6547218561172485,0.7332376390695572,0.7521980255842209
R2,tile_0081,urban area,0.685887411236763,0.633872002363205,0.6947848200798035,0.7546917349100113
R2,tile_0082,urban area,0.6967269629240036,0.6630264967679977,0.7008259743452072,0.7617488503456116
R2,tile_0083,forest,0.6012152880430222,0.5569937825202942,0.6622529029846191,0.5801210179924965
R2,tile_0084,forest,0.5758132413029671,0.5468255281448364,0.6830324977636337,0.5622543022036552
R2,tile_0085,cultivated vegetation,0.5992787703871727,0.6128391996026039,0.5776119232177734,0.518178828060627
R2,tile_0086,field,0.618903636932373,0.6832655519247055,0.630926787853241,0.6851073354482651
R2,tile_0087,field,0.5651691555976868,0.5807227268815041,0.5868642777204514,0.5551328137516975
R2,tile_0088,field,0.5344735831022263,0.5810818076133728,0.6009947508573532,0.5744018405675888
R2,tile_0089,field,0.6069745495915413,0.6312015652656555,0.5762186646461487,0.6155841425061226
R2,tile_0090,field,0.5787384510040283,0.6365592777729034,0.6493180990219116,0.6664358079433441
R2,tile_0091,cultivated vegetation,0.624566450715065,0.5974345654249191,0.6659410893917084,0.7208980619907379
R2,tile_0092,field,0.5923811346292496,0.6250879168510437,0.6797748059034348,0.6374122202396393
R2,tile_0093,field,0.5336632579565048,0.6471044570207596,0.6817489117383957,0.7085797935724258
R2,tile_0094,field,0.5847989767789841,0.6513398140668869,0.655018538236618,0.6661346554756165
R2,tile_0095,cultivated vegetation,0.6506981700658798,0.6906504184007645,0.6604047119617462,0.743572935461998
R2,tile_0096,cultivated vegetation,0.6358220428228378,0.5639174580574036,0.5893834680318832,0.517733208835125
R2,tile_0097,field,0.58420829474926,0.5919738858938217,0.6608909368515015,0.6519083678722382
R2,tile_0098,urban area,0.6888385117053986,0.6636877357959747,0.7126519083976746,0.7495787739753723
R2,tile_0099,urban area,0.667906180024147,0.6071929261088371,0.6719133257865906,0.6708735227584839
R2,tile_0100,urban area,0.6803186237812042,0.6289806962013245,0.6662635505199432,0.6974425911903381
R2,tile_0101,bare ground,0.5656697973608971,0.5412247031927109,0.631556361913681,0.6645236909389496
R2,tile_0102,urban area,0.6678757071495056,0.6636033952236176,0.6967581808567047,0.7064948976039886
R2,tile_0103,field,0.6344617903232574,0.5627290904521942,0.6354556977748871,0.63776895403862
R2,tile_0104,field,0.6107338517904282,0.5960946530103683,0.620812401175499,0.5948980897665024
R2,tile_0105,field,0.6153727322816849,0.5696529895067215,0.5986044928431511,0.5373802036046982
R2,tile_0106,field,0.6193001940846443,0.6210807710886002,0.5868865549564362,0.6086060404777527
R2,tile_0107,field,0.5790795013308525,0.5792854726314545,0.5465942621231079,0.5676835402846336
R2,tile_0108,field,0.6156343594193459,0.6758161634206772,0.6816346198320389,0.6801573187112808
R2,tile_0109,field,0.5934010073542595,0.6172971054911613,0.6625144183635712,0.6971479952335358
R2,tile_0110,forest,0.6114890053868294,0.6145980209112167,0.7320126891136169,0.6973204016685486
R2,tile_0111,field,0.6260846555233002,0.6364630907773972,0.677211582660675,0.6480736285448074
R2,tile_0112,field,0.545407235622406,0.6413187831640244,0.6701510399580002,0.6760887801647186
R2,tile_0113,cultivated vegetation,0.6360295414924622,0.6611111760139465,0.6296662986278534,0.6572327017784119
R2,tile_0114,cultivated vegetation,0.6090044602751732,0.5775588005781174,0.619058795273304,0.6234456598758698
R2,tile_0115,field,0.5755194276571274,0.6055346131324768,0.6586176156997681,0.6101018190383911
R2,tile_0116,urban area,0.6863510608673096,0.690637081861496,0.7000754773616791,0.7017375528812408
R2,tile_0117,urban area,0.6912484765052795,0.6244301795959473,0.7069098949432373,0.724695473909378
R2,tile_0118,field,0.5596983432769775,0.568254292011261,0.6402371823787689,0.5957673862576485
R2,tile_0119,forest,0.6173311546444893,0.5906429141759872,0.6736532598733902,0.6551141291856766
R2,tile_0120,forest,0.607713907957077,0.5191370844841003,0.6724624335765839,0.6242179870605469
R2,tile_0121,cultivated vegetation,0.6450031697750092,0.5582817271351814,0.622672475874424,0.5822362750768661
R2,tile_0122,cultivated vegetation,0.7017861306667328,0.5879268050193787,0.655631348490715,0.6699961423873901
R2,tile_0123,field,0.5988981574773788,0.5888801068067551,0.6146645918488503,0.6451570242643356
R2,tile_0124,field,0.6201879680156708,0.6174730136990547,0.6146928668022156,0.6232915818691254
R2,tile_0125,field,0.6122417747974396,0.6172926723957062,0.6269073486328125,0.6635914742946625
R2,tile_0126,field,0.5592339485883713,0.6263495236635208,0.6436305493116379,0.6862030178308487
R2,tile_0127,field,0.5841892957687378,0.6570103764533997,0.6686066091060638,0.7230237126350403
R2,tile_0128,forest,0.611252598464489,0.6283514946699142,0.782000944018364,0.6610161066055298
R2,tile_0129,field,0.5430346354842186,0.6091377511620522,0.6139236688613892,0.617886558175087
R2,tile_0130,field,0.5688413605093956,0.6607107818126678,0.6634945422410965,0.6599508970975876
R2,tile_0131,forest,0.5931282415986061,0.6184288114309311,0.7217319309711456,0.768534392118454
R2,tile_0132,field,0.6410229951143265,0.6343057006597519,0.642646923661232,0.6490188091993332
R2,tile_0133,cultivated vegetation,0.6384595483541489,0.6183372437953949,0.6264230608940125,0.5200386047363281
R2,tile_0134,field,0.6129071861505508,0.6039223074913025,0.638875886797905,0.6327745318412781
R2,tile_0135,field,0.5789988487958908,0.657237321138382,0.627182349562645,0.6811922043561935
R2,tile_0136,field,0.5763683468103409,0.6254357099533081,0.6353318691253662,0.6550996005535126
R2,tile_0137,cultivated vegetation,0.6438098847866058,0.6229817122220993,0.6018982082605362,0.544092059135437
R2,tile_0138,cultivated vegetation,0.657409280538559,0.6090319156646729,0.5905143544077873,0.6054643541574478
R2,tile_0139,cultivated vegetation,0.622832253575325,0.6568150222301483,0.6211118400096893,0.5980081111192703
R2,tile_0140,cultivated vegetation,0.6530971825122833,0.6440141052007675,0.6217518448829651,0.7278100401163101
R2,tile_0141,cultivated vegetation,0.6931588798761368,0.6064336746931076,0.6241127848625183,0.6440997123718262
R2,tile_0142,cultivated vegetation,0.7119565457105637,0.6016217172145844,0.6224988773465157,0.5652698129415512
R2,tile_0143,field,0.5609400570392609,0.5720410123467445,0.6163948029279709,0.5577942356467247
R2,tile_0144,field,0.5587885156273842,0.6082762032747269,0.6456269323825836,0.6392154842615128
R2,tile_0145,field,0.5669275671243668,0.5797825008630753,0.6273441016674042,0.6304579973220825
R2,tile_0146,water body,0.5389858782291412,0.5887050181627274,0.6513620167970657,0.7643762230873108
R2,tile_0147,water body,0.5641555786132812,0.5255475640296936,0.6391618400812149,0.7171488553285599
R2,tile_0148,forest,0.6220899149775505,0.5805590003728867,0.7191893458366394,0.703950822353363
R2,tile_0149,cultivated vegetation,0.7179495692253113,0.6626933813095093,0.6408662348985672,0.7130728662014008
R2,tile_0150,field,0.5878053233027458,0.6347540020942688,0.6100218743085861,0.711243748664856
R2,tile_0151,field,0.6779083609580994,0.6758753955364227,0.6234845519065857,0.7462771236896515
R2,tile_0152,field,0.613502636551857,0.6567157804965973,0.6317956745624542,0.6121809780597687
R2,tile_0153,cultivated vegetation,0.6522836536169052,0.6565098464488983,0.6219985336065292,0.6431064009666443
R2,tile_0154,cultivated vegetation,0.5940677225589752,0.6114904955029488,0.5690935254096985,0.5791231989860535
R2,tile_0155,cultivated vegetation,0.6812036037445068,0.600246749818325,0.6341391801834106,0.5909578502178192
R2,tile_0156,cultivated vegetation,0.6394167989492416,0.6309300661087036,0.6022752076387405,0.6559893488883972
R2,tile_0157,cultivated vegetation,0.6767318397760391,0.5895877629518509,0.6210131943225861,0.5777384340763092
R2,tile_0158,field,0.5813580751419067,0.6610876321792603,0.6545054912567139,0.7477739453315735
R2,tile_0159,field,0.579720139503479,0.6134149804711342,0.6013264134526253,0.6851302832365036
R2,tile_0160,field,0.6199962645769119,0.6226792186498642,0.6191770359873772,0.6113132834434509
R2,tile_0161,field,0.5666294693946838,0.6393956393003464,0.6203671172261238,0.640014261007309
R2,tile_0162,water body,0.5626598745584488,0.5764718726277351,0.6643131375312805,0.5777160078287125
R2,tile_0163,water body,0.5505706369876862,0.5388031899929047,0.5628844350576401,0.5817384272813797
R2,tile_0164,water body,0.5817048251628876,0.5877210944890976,0.6192777305841446,0.5796912685036659
R2,tile_0165,water body,0.561763346195221,0.5788711085915565,0.5275264009833336,0.5784913897514343
R2,tile_0166,water body,0.5672109872102737,0.5782860517501831,0.706295445561409,0.6784010678529739
R2,tile_0167,forest,0.6391109526157379,0.5578206479549408,0.7020950317382812,0.6600245833396912
R2,tile_0168,cultivated vegetation,0.6126954406499863,0.5886159837245941,0.6491309404373169,0.5844330787658691
R2,tile_0169,cultivated vegetation,0.6693580746650696,0.6625393033027649,0.6050415337085724,0.6895140558481216
R2,tile_0170,cultivated vegetation,0.6760945171117783,0.6402941793203354,0.6110472232103348,0.7010802626609802
R2,tile_0171,cultivated vegetation,0.6471603363752365,0.6491471827030182,0.6114870682358742,0.7152104377746582
R2,tile_0172,field,0.6124108284711838,0.6242883205413818,0.655943751335144,0.6830520182847977
R2,tile_0173,field,0.6176236271858215,0.6432823091745377,0.6411112844944,0.6793942302465439
R2,tile_0174,cultivated vegetation,0.6219697743654251,0.6589943170547485,0.5729775130748749,0.6626707315444946
R2,tile_0175,cultivated vegetation,0.7179861515760422,0.6307242810726166,0.5916407704353333,0.6344520300626755
R2,tile_0176,field,0.631965771317482,0.6235701590776443,0.6430665403604507,0.6406847387552261
R2,tile_0177,field,0.657152384519577,0.6171499937772751,0.6002012267708778,0.6425787508487701
R2,tile_0178,cultivated vegetation,0.7022206485271454,0.6293477118015289,0.5725289136171341,0.6522969901561737
R2,tile_0179,cultivated vegetation,0.6359276175498962,0.5795439332723618,0.604497641324997,0.6099941581487656
R2,tile_0180,water body,0.5509305745363235,0.5590334534645081,0.6713299453258514,0.783882811665535
R2,tile_0181,water body,0.5533327162265778,0.5016670376062393,0.6763246655464172,0.7071108371019363
R2,tile_0182,water body,0.5538909882307053,0.6023281812667847,0.6393246352672577,0.680987685918808
R2,tile_0183,water body,0.563601590692997,0.5863334238529205,0.576481856405735,0.5999419093132019
R2,tile_0184,water body,0.5264151096343994,0.4598849266767502,0.664735734462738,0.6852005422115326
R2,tile_0185,forest,0.6808191537857056,0.6121937930583954,0.7468748092651367,0.7729128003120422
R2,tile_0186,cultivated vegetation,0.614100843667984,0.6306765228509903,0.6194108724594116,0.7031674683094025
R2,tile_0187,cultivated vegetation,0.6275539845228195,0.6013573333621025,0.5784812569618225,0.654330849647522
R2,tile_0188,field,0.6110801175236702,0.6274794042110443,0.604662150144577,0.6648317724466324
R2,tile_0189,field,0.6121601909399033,0.6441101431846619,0.6713572889566422,0.7139508426189423
R2,tile_0190,field,0.6108420342206955,0.6300130486488342,0.6424103677272797,0.6634176522493362
R2,tile_0191,cultivated vegetation,0.6836085021495819,0.6206397712230682,0.6419805437326431,0.6476360559463501
R2,tile_0192,cultivated vegetation,0.6132669374346733,0.6341612339019775,0.4736276715993881,0.5844908207654953
R2,tile_0193,cultivated vegetation,0.5810748040676117,0.6306125223636627,0.6003377959132195,0.5899694189429283
R2,tile_0194,field,0.6588298082351685,0.6805464625358582,0.668647289276123,0.6669770181179047
R2,tile_0195,field,0.6239786371588707,0.6293307989835739,0.6226778775453568,0.6165210902690887
R2,tile_0196,cultivated vegetation,0.7061736285686493,0.610935166478157,0.5938399210572243,0.554254911839962
R2,tile_0197,cultivated vegetation,0.610048770904541,0.5971255153417587,0.634383037686348,0.5761497840285301
R2,tile_0198,water body,0.5580218136310577,0.5748263373970985,0.6684516370296478,0.7054485380649567
R2,tile_0199,water body,0.5848655849695206,0.5642541497945786,0.6962761282920837,0.789397582411766
R2,tile_0200,water body,0.5374398455023766,0.5997785925865173,0.5953818187117577,0.6661630421876907
R2,tile_0201,water body,0.5738119035959244,0.5743388086557388,0.6269082427024841,0.6248012557625771
R2,tile_0202,cultivated vegetation,0.6521385908126831,0.6351962685585022,0.6638987362384796,0.7521015405654907
R2,tile_0203,forest,0.5796997249126434,0.599076896905899,0.7363966107368469,0.7252631336450577
R2,tile_0204,forest,0.6041065603494644,0.6328806281089783,0.7465769350528717,0.766710489988327
R2,tile_0205,cultivated vegetation,0.6511245667934418,0.5961551144719124,0.6559862941503525,0.6247458979487419
R2,tile_0206,field,0.5768001452088356,0.6544780731201172,0.6416928768157959,0.6377895921468735
R2,tile_0207,cultivated vegetation,0.6614115834236145,0.6252811849117279,0.6418059766292572,0.6108298525214195
R2,tile_0208,cultivated vegetation,0.6673368811607361,0.6266532838344574,0.6227248162031174,0.6698505580425262
R2,tile_0209,cultivated vegetation,0.6316155195236206,0.5953525379300117,0.6021308898925781,0.5345506966114044
R2,tile_0210,field,0.6075774133205414,0.6113192439079285,0.6165825203061104,0.6378674507141113
R2,tile_0211,field,0.5842030793428421,0.6226150318980217,0.6011432781815529,0.6337872892618179
R2,tile_0212,field,0.6151354312896729,0.6360966712236404,0.6217307969927788,0.6849187612533569
R2,tile_0213,field,0.5850978568196297,0.545426718890667,0.6197666749358177,0.6087296828627586
R2,tile_0214,forest,0.6115977466106415,0.5976342409849167,0.72297602891922,0.7516339421272278
R2,tile_0215,field,0.6122744083404541,0.6365492939949036,0.6392710655927658,0.7228955626487732
R2,tile_0216,cultivated vegetation,0.5986646562814713,0.6835420429706573,0.5832169204950333,0.6968590617179871
R2,tile_0217,cultivated vegetation,0.70502869784832,0.6452848017215729,0.6700253486633301,0.60975581407547
R2,tile_0218,water body,0.5537407472729683,0.5725553631782532,0.7288279384374619,0.707780122756958
R2,tile_0219,water body,0.5487608164548874,0.4821622744202614,0.632128119468689,0.7073645293712616
R2,tile_0220,cultivated vegetation,0.6234638765454292,0.7394068688154221,0.6489724665880203,0.7758820056915283
R2,tile_0221,field,0.5538184568285942,0.6376057863235474,0.628708228468895,0.6361877918243408
R2,tile_0222,field,0.5879335850477219,0.6104189157485962,0.6550982594490051,0.6846480816602707
R2,tile_0223,cultivated vegetation,0.6918667256832123,0.6481228023767471,0.6144974380731583,0.6699080020189285
R2,tile_0224,cultivated vegetation,0.5702697113156319,0.5694207549095154,0.6275081634521484,0.539739578962326
R2,tile_0225,cultivated vegetation,0.6247127056121826,0.6196435540914536,0.579192079603672,0.6728292256593704
R2,tile_0226,cultivated vegetation,0.699385479092598,0.6023195013403893,0.6019144505262375,0.6398182362318039
R2,tile_0227,cultivated vegetation,0.6947711855173111,0.5911632627248764,0.6449519097805023,0.5496709421277046
R2,tile_0228,forest,0.6028993427753448,0.5455434322357178,0.6463402509689331,0.6525935232639313
R2,tile_0229,field,0.5957116559147835,0.6525901705026627,0.6226657330989838,0.6973715126514435
R2,tile_0230,forest,0.6339069455862045,0.5750245600938797,0.6831574440002441,0.6822811812162399
R2,tile_0231,forest,0.6458446383476257,0.6092065945267677,0.7137718796730042,0.7297089695930481
R2,tile_0232,cultivated vegetation,0.633578896522522,0.6338658928871155,0.5987081304192543,0.6192561611533165
R2,tile_0233,field,0.6002719700336456,0.6381925940513611,0.6314723193645477,0.6599076092243195
R2,tile_0234,field,0.5646592378616333,0.6570234894752502,0.6589366495609283,0.7210709154605865
R2,tile_0235,water body,0.5253013223409653,0.4905364662408829,0.6115224212408066,0.7353179156780243
R2,tile_0236,water body,0.5521982163190842,0.5188924074172974,0.6693179905414581,0.6774729490280151
R2,tile_0237,water body,0.5627049505710602,0.5109024047851562,0.6810738146305084,0.7320636510848999
R2,tile_0238,cultivated vegetation,0.642266571521759,0.6767905503511429,0.6083830073475838,0.6847387552261353
R2,tile_0239,cultivated vegetation,0.7271479815244675,0.6269178539514542,0.6243479251861572,0.6645256280899048
R2,tile_0240,field,0.6330892443656921,0.6516394764184952,0.6198915094137192,0.6948475539684296
R2,tile_0241,cultivated vegetation,0.6267939507961273,0.6640248000621796,0.5959664285182953,0.7710938155651093
R2,tile_0242,water body,0.5839944630861282,0.6121917068958282,0.6176793947815895,0.7236826419830322
R2,tile_0243,field,0.5695029720664024,0.6298334896564484,0.6423328071832657,0.7128304243087769
R2,tile_0244,cultivated vegetation,0.6365817785263062,0.624753050506115,0.6256392598152161,0.741402804851532
R2,tile_0245,cultivated vegetation,0.636577308177948,0.6503234803676605,0.6652730703353882,0.6590789556503296
R2,tile_0246,field,0.6089753657579422,0.628904327750206,0.6293000280857086,0.6780725717544556
R2,tile_0247,field,0.5541827157139778,0.600028783082962,0.6261348724365234,0.6634796410799026
R2,tile_0248,forest,0.6135379895567894,0.6058908253908157,0.6775759160518646,0.7845450937747955
R2,tile_0249,cultivated vegetation,0.6497533619403839,0.6343896687030792,0.5919767916202545,0.6040897220373154
R2,tile_0250,cultivated vegetation,0.6505808234214783,0.6316536664962769,0.5722793936729431,0.5925203859806061
R2,tile_0251,cultivated vegetation,0.5902446806430817,0.6542150676250458,0.5967153608798981,0.5743766576051712
R2,tile_0252,cultivated vegetation,0.6743435561656952,0.6561028957366943,0.6379161030054092,0.7307079434394836
R2,tile_0253,water body,0.5828547105193138,0.4907719045877456,0.643683671951294,0.7300464063882828
R2,tile_0254,water body,0.5277284979820251,0.6538818031549454,0.6226135790348053,0.7349441945552826
R2,tile_0255,cultivated vegetation,0.6022254377603531,0.6638207286596298,0.6453392654657364,0.6038035824894905
R2,tile_0256,water body,0.5751369893550873,0.5566560477018356,0.6306277215480804,0.745166540145874
R2,tile_0257,cultivated vegetation,0.636240541934967,0.6456402689218521,0.6018202379345894,0.710710734128952
R2,tile_0258,cultivated vegetation,0.6172167137265205,0.598209872841835,0.6386947631835938,0.5576406046748161
R2,tile_0259,cultivated vegetation,0.6856697052717209,0.6473459303379059,0.6001682206988335,0.7386893033981323
R2,tile_0260,field,0.6041841208934784,0.6058985739946365,0.617884173989296,0.6964078545570374
R2,tile_0261,field,0.5707200616598129,0.6391091644763947,0.6842935085296631,0.7035264372825623
R2,tile_0262,forest,0.6067300960421562,0.6055030599236488,0.6876473128795624,0.7338084280490875
R2,tile_0263,field,0.6065789610147476,0.6598274409770966,0.6540831178426743,0.6518925726413727
R2,tile_0264,field,0.5741371959447861,0.6348871439695358,0.6484770029783249,0.6686598807573318
R2,tile_0265,field,0.6053504347801208,0.6729315966367722,0.6255658715963364,0.6982140243053436
R2,tile_0266,field,0.6235873699188232,0.5987386032938957,0.6372281908988953,0.6708849221467972
R2,tile_0267,cultivated vegetation,0.6417374312877655,0.6075648963451385,0.6145112216472626,0.6097305193543434
R2,tile_0268,forest,0.6814031302928925,0.5943451076745987,0.6819061934947968,0.7192227989435196
R2,tile_0269,cultivated vegetation,0.5872919037938118,0.5844617635011673,0.5938692763447762,0.5828147381544113
R2,tile_0270,cultivated vegetation,0.6357274204492569,0.6614559888839722,0.6303977966308594,0.6927807629108429
R2,tile_0271,water body,0.5403223633766174,0.5683248490095139,0.5702967941761017,0.6782952696084976
R2,tile_0272,water body,0.5649294331669807,0.6217136234045029,0.6766912341117859,0.7092898339033127
R2,tile_0273,cultivated vegetation,0.7020236551761627,0.6310717761516571,0.5477434396743774,0.6782960891723633
R2,tile_0274,field,0.6294532865285873,0.6027929484844208,0.630185678601265,0.6717334687709808
R2,tile_0275,cultivated vegetation,0.662512481212616,0.6690733134746552,0.6004110723733902,0.628553032875061
R2,tile_0276,cultivated vegetation,0.7108762115240097,0.6252022087574005,0.6630057841539383,0.6626676023006439
R2,tile_0277,cultivated vegetation,0.7036630809307098,0.6743922829627991,0.6235269457101822,0.6837628781795502
R2,tile_0278,cultivated vegetation,0.6560848653316498,0.6010949611663818,0.626094788312912,0.7438822090625763
R2,tile_0279,field,0.6032511591911316,0.6488538533449173,0.6527796387672424,0.7147539407014847
R2,tile_0280,cultivated vegetation,0.6529931724071503,0.6402111053466797,0.5999443307518959,0.6754691153764725
R2,tile_0281,cultivated vegetation,0.6223036348819733,0.6156090646982193,0.6096343696117401,0.6372123956680298
R2,tile_0282,field,0.6284199655056,0.6435221433639526,0.6152818351984024,0.6672695279121399
R2,tile_0283,field,0.603187084197998,0.6528352200984955,0.6331969797611237,0.6676137447357178
R2,tile_0284,field,0.6129593402147293,0.632123202085495,0.6466348469257355,0.6306231021881104
R2,tile_0285,cultivated vegetation,0.5800361558794975,0.5986529588699341,0.597088411450386,0.5023838579654694
R2,tile_0286,forest,0.6007904559373856,0.5554112792015076,0.7182294875383377,0.6358754634857178
R2,tile_0287,cultivated vegetation,0.6526925414800644,0.5899161100387573,0.6386213004589081,0.6340944766998291
R2,tile_0288,field,0.597035214304924,0.6138454377651215,0.6599433720111847,0.6740382313728333
R2,tile_0289,water body,0.5541599541902542,0.5816598236560822,0.6418781727552414,0.7113915681838989
R2,tile_0290,cultivated vegetation,0.5840978026390076,0.6542415916919708,0.6347737461328506,0.6891404837369919
R2,tile_0291,cultivated vegetation,0.6757637113332748,0.6896805018186569,0.6282368302345276,0.7761587202548981
R2,tile_0292,field,0.6394992768764496,0.6520166248083115,0.6045708805322647,0.5900592729449272
R2,tile_0293,cultivated vegetation,0.659070611000061,0.6830795109272003,0.6314142048358917,0.6765185296535492
R2,tile_0294,cultivated vegetation,0.6845300644636154,0.6917256116867065,0.6299592554569244,0.6485313922166824
R2,tile_0295,field,0.6420809030532837,0.6185868754982948,0.6447847187519073,0.6551152467727661
R2,tile_0296,cultivated vegetation,0.6199075654149055,0.6183814257383347,0.5833244696259499,0.6759153306484222
R2,tile_0297,cultivated vegetation,0.7223768532276154,0.6753420829772949,0.6380446255207062,0.7076162844896317
R2,tile_0298,cultivated vegetation,0.6733278930187225,0.6600445508956909,0.6220188736915588,0.6618153303861618
R2,tile_0299,cultivated vegetation,0.6843636929988861,0.6230134516954422,0.594310536980629,0.6153571233153343
R2,tile_0300,cultivated vegetation,0.6911447644233704,0.6654046475887299,0.62547966837883,0.7284440845251083
R2,tile_0301,cultivated vegetation,0.675380676984787,0.6760962307453156,0.6265617907047272,0.7007986307144165
R2,tile_0302,cultivated vegetation,0.6789594143629074,0.6261050701141357,0.621432289481163,0.623222291469574
R2,tile_0303,cultivated vegetation,0.6593423336744308,0.6193064898252487,0.6206298619508743,0.6533220410346985
R2,tile_0304,forest,0.628969818353653,0.5893997848033905,0.6896329671144485,0.7245619595050812
R2,tile_0305,forest,0.6040239706635475,0.6147830560803413,0.7280273735523224,0.6994078308343887
R2,tile_0306,cultivated vegetation,0.5888724327087402,0.6376117467880249,0.6654283404350281,0.648132935166359
R2,tile_0307,water body,0.6033223867416382,0.5213389173150063,0.5575616285204887,0.7268978655338287
R2,tile_0308,cultivated vegetation,0.6745833158493042,0.6523828208446503,0.6573934853076935,0.6742782890796661
R2,tile_0309,field,0.6150712072849274,0.6386188417673111,0.6191874295473099,0.6905275583267212
R2,tile_0310,cultivated vegetation,0.6397172808647156,0.6129109859466553,0.632556676864624,0.6922759115695953
R2,tile_0311,cultivated vegetation,0.6527538597583771,0.6708787381649017,0.6181884184479713,0.7127013057470322
R2,tile_0312,cultivated vegetation,0.6927874684333801,0.6219256296753883,0.6010773405432701,0.6762853264808655
R2,tile_0313,cultivated vegetation,0.6904441118240356,0.640651136636734,0.6322586536407471,0.660790205001831
R2,tile_0314,cultivated vegetation,0.6562100350856781,0.6312563270330429,0.6688237190246582,0.7510056346654892
R2,tile_0315,cultivated vegetation,0.6928106397390366,0.646013617515564,0.6364632397890091,0.7132048904895782
R2,tile_0316,cultivated vegetation,0.653122216463089,0.6350959837436676,0.5921946838498116,0.6529839336872101
R2,tile_0317,forest,0.6176089495420456,0.582706555724144,0.7147312164306641,0.7521399110555649
R2,tile_0318,field,0.633869469165802,0.6160588189959526,0.6475140154361725,0.634424239397049
R2,tile_0319,forest,0.632447823882103,0.5819674208760262,0.6915673613548279,0.7094188034534454
R2,tile_0320,cultivated vegetation,0.6536075472831726,0.5896526575088501,0.6284134089946747,0.5670629441738129
R2,tile_0321,cultivated vegetation,0.6135323643684387,0.6263077259063721,0.6042753159999847,0.6478400528430939
R2,tile_0322,forest,0.6248040497303009,0.632890909910202,0.7110691070556641,0.7530593127012253
R2,tile_0323,forest,0.6490814685821533,0.5988088250160217,0.7530448585748672,0.7329580932855606
R2,tile_0324,field,0.5741908401250839,0.6153470277786255,0.6573283672332764,0.6251797080039978
R2,tile_0325,forest,0.5908580124378204,0.600634440779686,0.7060591876506805,0.7069481909275055
R2,tile_0326,cultivated vegetation,0.7041361182928085,0.6241104006767273,0.6725794076919556,0.7085365056991577
R2,tile_0327,cultivated vegetation,0.6958723068237305,0.6958412379026413,0.6340929120779037,0.7606689631938934
R2,tile_0328,cultivated vegetation,0.6011933833360672,0.6031813472509384,0.6129025667905807,0.6586885452270508
R2,tile_0329,cultivated vegetation,0.6579040735960007,0.6370078027248383,0.5870434641838074,0.7154784351587296
R2,tile_0330,cultivated vegetation,0.6532143801450729,0.6141511723399162,0.6435267627239227,0.6525751948356628
R2,tile_0331,cultivated vegetation,0.5956442654132843,0.7072374224662781,0.6622397899627686,0.7087118178606033
R2,tile_0332,cultivated vegetation,0.722322016954422,0.6873556226491928,0.6130493432283401,0.608297698199749
R2,tile_0333,cultivated vegetation,0.718008279800415,0.685206949710846,0.6715128570795059,0.713331401348114
R2,tile_0334,cultivated vegetation,0.7197728753089905,0.6261135637760162,0.6320100277662277,0.6481509655714035
R2,tile_0335,cultivated vegetation,0.640239492058754,0.6535547971725464,0.5988459289073944,0.6625049561262131
R2,tile_0336,forest,0.6335324048995972,0.5831244587898254,0.6925142556428909,0.7606592029333115
R2,tile_0337,cultivated vegetation,0.6100116670131683,0.60943603515625,0.5699819326400757,0.5570672452449799
R2,tile_0338,cultivated vegetation,0.6342549622058868,0.6468059122562408,0.6082248687744141,0.7353276014328003
R2,tile_0339,field,0.6183753162622452,0.6588400900363922,0.645664632320404,0.6542974710464478
R2,tile_0340,forest,0.6384730339050293,0.6123583018779755,0.7436006516218185,0.7242771983146667
R2,tile_0341,cultivated vegetation,0.6594042479991913,0.6218864768743515,0.5817806720733643,0.5692332610487938
R2,tile_0342,cultivated vegetation,0.6745754182338715,0.6519412994384766,0.6283870339393616,0.6691249459981918
R2,tile_0343,field,0.5765320360660553,0.6816413253545761,0.62259741127491,0.664663091301918
R2,tile_0344,cultivated vegetation,0.6868173182010651,0.6614675372838974,0.6156545132398605,0.6978073716163635
R2,tile_0345,cultivated vegetation,0.6952722370624542,0.6616296619176865,0.6124644726514816,0.7109388709068298
R2,tile_0346,cultivated vegetation,0.6620524823665619,0.6624893844127655,0.6447935104370117,0.6913423538208008
R2,tile_0347,field,0.6041859835386276,0.6025636941194534,0.6373141705989838,0.6686200946569443
R2,tile_0348,forest,0.6242382526397705,0.6195372343063354,0.7229083031415939,0.7503484189510345
R2,tile_0349,cultivated vegetation,0.6562449038028717,0.5941227078437805,0.6156864389777184,0.6636669486761093
R2,tile_0350,cultivated vegetation,0.678279772400856,0.6373544037342072,0.6613516807556152,0.8030860126018524
R2,tile_0351,cultivated vegetation,0.724581703543663,0.6633520126342773,0.6458915770053864,0.633428543806076
R2,tile_0352,cultivated vegetation,0.6376563012599945,0.5852033570408821,0.6200458481907845,0.6175269186496735
R2,tile_0353,cultivated vegetation,0.6780919432640076,0.5955434963107109,0.6400874257087708,0.6659676134586334
R2,tile_0354,cultivated vegetation,0.7085543870925903,0.6575748324394226,0.6284619867801666,0.6499631702899933
R2,tile_0355,field,0.6044095754623413,0.6554702669382095,0.6245600432157516,0.622883066534996
R2,tile_0356,cultivated vegetation,0.6320285052061081,0.6641290336847305,0.6546507775783539,0.7520000636577606
R2,tile_0357,cultivated vegetation,0.6292499601840973,0.7346304506063461,0.6773591041564941,0.739748626947403
R2,tile_0358,cultivated vegetation,0.6796845048666,0.6743940711021423,0.6948461383581161,0.7190951704978943
R2,tile_0359,field,0.5819996818900108,0.5798311531543732,0.6267760694026947,0.6063786149024963
R2,tile_0360,field,0.6333259493112564,0.6624668836593628,0.6142786890268326,0.6595848500728607
R2,tile_0361,field,0.6205891445279121,0.6733601540327072,0.6319329142570496,0.6860482692718506
R2,tile_0362,field,0.6086446344852448,0.6655419617891312,0.6393104791641235,0.6682097166776657
R2,tile_0363,cultivated vegetation,0.7358896732330322,0.68367600440979,0.6495077908039093,0.724877268075943
R2,tile_0364,cultivated vegetation,0.6506415456533432,0.6907939910888672,0.6310836970806122,0.6980951130390167
R2,tile_0365,field,0.63088558614254,0.6727537512779236,0.6568220257759094,0.73711097240448
R2,tile_0366,cultivated vegetation,0.6904700398445129,0.6927020847797394,0.6404814124107361,0.7571655511856079
R2,tile_0367,cultivated vegetation,0.6320943683385849,0.6220553070306778,0.6427241861820221,0.5900689586997032
R2,tile_0368,cultivated vegetation,0.6704550236463547,0.6420277059078217,0.6666477024555206,0.5971591547131538
R2,tile_0369,forest,0.5969606339931488,0.5801673606038094,0.6816193461418152,0.7142272591590881
R2,tile_0370,cultivated vegetation,0.6686030328273773,0.6808394938707352,0.690922886133194,0.6883005797863007
R2,tile_0371,forest,0.623248890042305,0.5515439808368683,0.6850404292345047,0.6683057546615601
R2,tile_0372,cultivated vegetation,0.5732665956020355,0.5998702347278595,0.5978100001811981,0.6274078786373138
R2,tile_0373,cultivated vegetation,0.691373273730278,0.6024377048015594,0.6220920756459236,0.6918810307979584
R2,tile_0374,field,0.6268241256475449,0.6011500954627991,0.675472617149353,0.6561814993619919
R2,tile_0375,cultivated vegetation,0.6324491649866104,0.6898738443851471,0.6592247635126114,0.6775364279747009
R2,tile_0376,cultivated vegetation,0.6666393578052521,0.5685072019696236,0.6662308424711227,0.6806184351444244
R2,tile_0377,field,0.554996021091938,0.6355498731136322,0.6672011315822601,0.6688526272773743
