region,tile_id,generic_clip_lr,generic_clip_sr,remote_clip_lr,remote_clip_sr
R1,tile_0000,1.88826248049736,2.191270589828491,1.313991695642471,1.9267025589942928
R1,tile_0001,1.70949786901474,2.048318088054657,1.6543477773666382,1.8812020123004916
R1,tile_0002,1.60360649228096,2.133822590112686,1.2798358500003817,2.016206383705139
R1,tile_0003,1.5959836542606354,1.916739046573639,1.3713817298412323,1.9992069900035856
R1,tile_0004,1.837197691202164,2.086642980575561,1.445976495742798,1.9983142614364624
R1,tile_0005,1.6799183189868927,2.1168535947799683,1.5590038895606997,1.996193528175354
R1,tile_0006,1.924661993980408,2.1921397745609283,1.661693453788757,1.8470799922943115
R1,tile_0007,1.541578471660614,2.198737859725952,1.342391073703766,2.0106755197048187
R1,tile_0008,1.59953773021698,2.1748799085617065,1.3672779500484469,1.998068392276764
R1,tile_0009,1.7066243290901184,2.1420995891094208,1.4436693489551544,1.9370828568935397
R1,tile_0010,1.9071796536445615,2.21775084733963,1.7539073526859283,1.937815546989441
R1,tile_0011,1.5202587842941284,2.1878817677497864,1.990101337432861,2.109203189611435
R1,tile_0012,1.8648451566696167,2.219715118408203,1.813836693763733,2.1335244178771973
R1,tile_0013,1.7701718211174011,2.2281156480312347,1.626681387424469,1.9129090011119845
R1,tile_0014,1.61072239279747,2.104585468769073,1.501358449459076,2.182706594467163
R1,tile_0015,2.040444165468216,2.18982070684433,1.831248998641968,2.1532227098941803
R1,tile_0016,1.6402892768383026,2.1374592185020447,1.7507892847061155,1.8776853382587435
R1,tile_0017,2.114901840686798,2.264048606157303,1.8118683993816376,2.01643168926239
R1,tile_0018,1.904801726341248,2.0535479485988617,1.8297114968299864,2.05676332116127
R1,tile_0019,1.645725518465042,2.099679708480835,1.5452396869659424,2.0604240894317627
R1,tile_0020,1.5500372648239136,2.0698970556259155,1.5254782140254974,2.0144300162792206
R1,tile_0021,1.796690821647644,2.2227880358695984,1.7416056990623474,2.033102512359619
R1,tile_0022,1.6716676950454712,2.152412533760071,1.719970703125,1.9702687859535215
R1,tile_0023,2.033871114253998,2.353694438934326,1.3178038597106934,1.9057321548461916
R1,tile_0024,1.7666608095169067,2.3277345299720764,1.378936916589737,1.772825866937637
R1,tile_0025,1.6366910934448242,2.1918749809265137,1.273915022611618,2.159970700740814
R1,tile_0026,1.6979457437992096,2.2275783121585846,1.6353823244571686,2.0379872620105743
R1,tile_0027,1.947651207447052,2.281262427568436,1.538794785737991,2.0617687702178955
R1,tile_0028,2.0716848969459534,2.2317668795585632,1.7543122172355652,2.0635107159614563
R1,tile_0029,1.8301162123680117,2.2551462054252625,1.483537256717682,1.785183846950531
R1,tile_0030,1.2950195372104645,2.2412237524986267,1.3578757643699646,1.961233913898468
R1,tile_0031,1.4738215506076813,2.244306802749634,1.3247178494930267,2.0992299914360046
R1,tile_0032,1.792910248041153,2.251577228307724,1.5643101930618286,1.9889482855796812
R1,tile_0033,1.85985803604126,2.167433500289917,1.590038239955902,1.7809101939201355
R1,tile_0034,1.9480213522911072,2.1873286366462708,1.6028647124767303,1.8725420534610748
R1,tile_0035,2.0836736261844635,2.204919159412384,1.5876947343349457,2.0521417260169983
R1,tile_0036,2.0090000331401825,2.2893694043159485,1.7015020549297333,2.1481990814208984
R1,tile_0037,1.8344932794570925,2.236306220293045,1.58163920044899,2.16978132724762
R1,tile_0038,1.8087384104728697,2.117837369441986,1.666947454214096,1.950838416814804
R1,tile_0039,1.7489050328731537,1.8993030488491056,1.7877884209156036,1.9783934950828552
R1,tile_0040,1.8396782875061035,2.319653332233429,1.7223937809467316,2.0852433145046234
R1,tile_0041,1.8940205872058868,2.1482785046100616,1.6185060143470764,1.970444917678833
R1,tile_0042,1.440480649471283,2.152077555656433,1.300891786813736,1.7574402689933777
R1,tile_0043,1.893829107284546,2.264279872179032,1.570899784564972,1.9295889139175413
R1,tile_0044,2.0123523473739624,2.210722863674164,1.6908422112464905,2.1429958939552307
R1,tile_0045,1.894383281469345,2.1618516743183136,1.739426851272583,2.1112480759620667
R1,tile_0046,1.7425593733787537,2.269158661365509,1.1987629532814026,1.8191143870353697
R1,tile_0047,1.9133061170578003,2.202613353729248,1.414949893951416,1.9620145857334137
R1,tile_0048,2.024298459291458,2.312487065792084,1.6220927238464355,1.855492889881134
R1,tile_0049,1.3942132890224457,2.3242633044719696,1.4140060544013977,1.974548101425171
R1,tile_0050,1.8807783722877505,2.297632396221161,1.5348690748214722,2.121867835521698
R1,tile_0051,2.112049907445908,2.17904195189476,1.4942839741706848,1.7982783913612366
R1,tile_0052,1.5718908607959747,2.2108949720859528,1.517801433801651,1.9328418374061584
R1,tile_0053,1.7175348103046415,2.310761958360672,1.3691346347332,1.876823902130127
R1,tile_0054,1.934329569339752,2.279699146747589,1.398368775844574,1.8364940583705904
R1,tile_0055,1.5591278672218325,2.2546765208244324,1.616484820842743,1.8649004399776457
R1,tile_0056,2.043381929397583,2.0998515188694,1.4949780702590942,1.862218827009201
R1,tile_0057,1.7692247033119202,2.2337770462036133,1.6280974447727203,2.0266714692115784
R1,tile_0058,1.653563678264618,2.1198010444641118,1.5740469098091123,1.8747249245643616
R1,tile_0059,2.0925213396549225,2.207826226949692,1.7542478442192078,1.902969032526016
R1,tile_0060,1.8821659684181211,2.300153225660324,1.6985876858234406,1.9312413036823275
R1,tile_0061,2.152209132909775,2.311687022447586,1.7922306060791016,2.1335607767105103
R1,tile_0062,2.131310999393463,2.2885921597480774,1.571899652481079,1.950402855873108
R1,tile_0063,2.109227478504181,2.2448334097862244,1.5275686979293823,2.0775991678237915
R1,tile_0064,1.5926288068294523,2.2912363708019257,1.2614347040653229,1.8318155407905576
R1,tile_0065,1.9286277890205383,2.317003905773163,1.267920732498169,1.840185523033142
R1,tile_0066,1.686365157365799,2.040976285934448,1.725505292415619,1.7601832747459412
R1,tile_0067,2.189435660839081,1.8309591710567477,1.8521496653556824,1.978999376296997
R1,tile_0068,2.2572560608387,2.2758013010025024,2.0639097690582275,2.137835025787353
R1,tile_0069,1.892070919275284,2.385173738002777,1.6587114334106443,2.069440186023712
R1,tile_0070,1.74559086561203,2.3314395546913147,1.2527042627334597,2.213773727416992
R1,tile_0071,1.796048879623413,2.237216830253601,1.2367525696754456,2.042505145072937
R1,tile_0072,1.884659826755524,2.123754620552063,1.535225659608841,2.0944496989250183
R1,tile_0073,1.6756652295589447,2.302229553461075,1.1734499037265778,1.8341577053070068
R1,tile_0074,1.8305283784866333,2.3553842306137085,1.526082307100296,2.154222875833512
R1,tile_0075,1.9375066459178925,2.2773315012454987,1.2906453013420105,1.767927259206772
R1,tile_0076,1.843068897724152,2.232652604579925,1.6582970321178436,2.000694274902344
R1,tile_0077,2.027658373117447,2.2571849822998047,1.581733077764511,1.954296976327896
R1,tile_0078,1.670663058757782,2.304910570383072,1.6551324725151062,1.9679592549800875
R1,tile_0079,2.056238949298858,2.07903265953064,1.759871393442154,2.098110318183899
R1,tile_0080,2.0288854837417603,2.1174904704093933,1.4138992130756378,1.914443522691727
R1,tile_0081,1.9371810555458069,2.1175365149974823,1.394181102514267,1.8766000866889956
R1,tile_0082,2.0420826971530914,2.213701158761978,1.5418890118598938,2.034901976585388
R1,tile_0083,2.084060907363892,2.1104244887828827,1.9521446526050568,2.1469292044639587
R1,tile_0084,2.1301737427711487,2.17359721660614,1.7701247334480286,1.751067936420441
R1,tile_0085,1.919430792331696,2.155289053916931,1.7656239867210388,2.216013222932816
R1,tile_0086,1.8791325390338895,2.258862853050232,1.4580653607845306,1.8068827688694
R1,tile_0087,1.725904494524002,2.134466916322708,1.3141858577728271,1.6111759841442108
R1,tile_0088,2.044004201889038,2.241632044315338,1.7948901653289795,1.945284754037857
R1,tile_0089,2.1990694105625157,2.253426313400269,1.727963387966156,2.043902724981308
R1,tile_0090,2.1940897405147552,2.2771434485912323,1.985755115747452,1.9662608206272123
R1,tile_0091,1.7346861958503723,2.1993614733219147,1.7468950152397156,2.147132456302643
R1,tile_0092,1.8874990940093996,2.1150991320610046,1.59848153591156,1.96563184261322
R1,tile_0093,1.954357773065567,2.209192216396332,1.298263669013977,1.7022040486335754
R1,tile_0094,1.9658008217811584,2.20260813832283,1.361105740070343,1.6875368356704712
R1,tile_0095,1.845237910747528,2.254479229450226,1.198420152068138,1.9886019825935364
R1,tile_0096,1.6635788977146149,2.254490405321121,1.281062364578247,2.161974161863327
R1,tile_0097,1.639772653579712,2.36456498503685,1.4882129430770874,1.9912613928318024
R1,tile_0098,1.8087394535541532,2.0648248493671417,1.4157630503177645,2.145903706550598
R1,tile_0099,2.1158090233802795,2.320659607648849,1.3134533166885376,2.079024612903595
R1,tile_0100,2.100984752178192,2.17589870095253,1.535588651895523,2.3350337147712708
R1,tile_0101,1.6902153193950653,2.2763261198997498,1.4928455650806427,1.909446120262146
R1,tile_0102,2.185426950454712,2.257323861122132,1.6202223300933838,1.811213940382004
R1,tile_0103,1.9067709147930143,2.2385969758033752,1.37836754322052,2.036900222301483
R1,tile_0104,1.7157746851444244,2.247306853532791,1.4369428157806396,1.9720979034900663
R1,tile_0105,1.4463569223880768,2.208889424800873,1.7115502059459686,1.9921469688415527
R1,tile_0106,1.9397339224815369,2.226577401161194,1.7365847527980804,1.960474550724029
R1,tile_0107,1.886036992073059,2.05629825592041,1.637011617422104,2.106116861104965
R1,tile_0108,1.8186137080192568,2.0260554552078247,1.8155302107334137,2.042461931705475
R1,tile_0109,1.3865070044994354,2.3143325746059418,1.226498261094093,1.8025106191635127
R1,tile_0110,1.7083404958248138,2.30447381734848,1.239599883556366,1.974175125360489
R1,tile_0111,1.913801729679108,2.33467310667038,1.515921950340271,1.613590568304062
R1,tile_0112,1.9967909157276156,2.0440474152565,1.8541955947875977,2.0809082686901093
R1,tile_0113,2.0568034052848816,2.211775481700897,1.7170912027359009,2.124384045600891
R1,tile_0114,2.068123519420624,2.306406795978546,1.374163031578064,2.0819613337516785
R1,tile_0115,1.6091004014015198,2.217257022857666,1.6061416268348694,2.102471739053726
R1,tile_0116,1.651456505060196,1.9668424129486084,1.6196715831756592,1.9363133609294887
R1,tile_0117,1.828358918428421,2.115042507648468,1.712372004985809,1.8653205037117004
R1,tile_0118,1.4983409643173218,2.1902501583099365,1.532985121011734,2.036161720752716
R1,tile_0119,1.8419653177261357,2.322467416524887,1.51385560631752,2.1278008818626404
R1,tile_0120,1.8497225642204285,2.31858104467392,1.53213769197464,1.852595955133438
R1,tile_0121,1.9081273674964905,2.1616114675998688,1.4299742877483368,1.720375120639801
R1,tile_0122,2.0119118690490723,2.317674160003662,1.8126897513866425,2.110673189163208
R1,tile_0123,1.676824688911438,2.1555471420288086,1.4814071357250214,1.8151840567588808
R1,tile_0124,1.5876874327659607,2.038305699825287,1.645565629005432,2.025836408138275
R1,tile_0125,1.7396584153175354,2.115330994129181,1.6853302717208862,2.0730948448181152
R1,tile_0126,1.8112152814865112,2.3179781436920166,1.561991274356842,2.018972188234329
R1,tile_0127,2.001872062683105,2.3749078810215,1.6281694173812866,1.9646424055099487
R1,tile_0128,1.6223743557929993,2.249917536973953,1.427064836025238,2.0836080610752106
R1,tile_0129,1.6789951920509338,2.0620550215244293,1.6054224967956543,2.041136920452118
R1,tile_0130,1.7361339926719666,2.074533849954605,1.5403488278388977,1.857217103242874
R1,tile_0131,1.7037801444530487,2.1941152215003967,1.668626219034195,2.146766483783722
R1,tile_0132,1.4363254606723783,2.0269715785980225,1.6066914796829224,1.7427566647529602
R1,tile_0133,2.0954225957393646,2.2878217697143555,1.530093103647232,1.733904480934143
R1,tile_0134,2.0271337032318115,2.110071182250977,1.897563934326172,1.9549906253814695
R1,tile_0135,2.1286334097385406,2.05427885055542,1.9414785504341123,2.0697689056396484
R1,tile_0136,1.9872842729091644,2.006890475749969,1.7885956168174744,1.9723136723041532
R1,tile_0137,1.8028804659843445,2.062472701072693,1.8338920176029203,1.945714354515076
R1,tile_0138,1.9420257210731504,2.1482527256011963,1.5127673745155334,1.998753398656845
R1,tile_0139,1.6760200262069702,1.833493411540985,1.7035849392414093,2.217918187379837
R1,tile_0140,1.572255641222,1.834404170513153,1.7651908099651337,2.108789980411529
R1,tile_0141,1.5797528624534607,1.8883590400218964,1.7121776938438416,2.0579618215560918
R1,tile_0142,1.5899056196212769,2.203085720539093,1.634899377822876,2.0534925162792206
R1,tile_0143,1.6293889284133911,2.331041842699051,1.5409143269062042,2.133406400680542
R1,tile_0144,1.6839279234409332,2.1354828774929047,1.5756674110889437,1.8260714411735532
R1,tile_0145,1.7238210141658783,2.2807566821575165,1.5467040240764618,2.021598517894745
R1,tile_0146,1.686321645975113,2.2410115599632263,1.4820417761802671,1.8048596382141116
R1,tile_0147,1.83692067861557,2.2301694750785828,1.6506661474704742,1.988619565963745
R1,tile_0148,1.58773273229599,2.2098875045776367,1.3555853068828585,1.987142562866211
R1,tile_0149,1.98019340634346,2.223055958747864,1.5473796427249908,2.0456835627555847
R1,tile_0150,1.905169188976288,2.2909820079803467,1.4686709642410278,1.8452906608581543
R1,tile_0151,1.600802093744278,2.3253028094768524,1.5408335626125336,2.023428976535797
R1,tile_0152,1.8539789319038391,2.2705867886543274,1.3404883444309237,1.977403163909912
R1,tile_0153,2.032373547554016,2.067278027534485,1.8323807418346405,1.9252875447273252
R1,tile_0154,1.5491974353790283,1.912211775779724,1.655423790216446,2.025989592075348
R1,tile_0155,1.855204999446869,1.89375564455986,1.6693753004074097,2.0391395688056946
R1,tile_0156,1.935962736606598,2.189726382493973,1.6788370907306671,2.1501751244068146
R1,tile_0157,2.0529967546463013,2.18860924243927,1.968452036380768,2.1542680263519287
R1,tile_0158,1.906040161848068,2.3053961992263794,1.9914400577545168,2.120376229286194
R1,tile_0159,2.1033167839050293,2.2030241787433624,1.8621140718460083,2.0416131615638733
R1,tile_0160,2.0175302028656006,2.188074141740799,1.7855748534202576,2.217768430709839
R1,tile_0161,1.8997116386890407,2.151770889759064,1.702786386013031,2.086101174354553
R1,tile_0162,1.5733686089515686,2.1097953617572784,1.6580334305763245,2.0168940722942352
R1,tile_0163,2.119269371032715,1.8039752542972565,1.8114984035491943,1.9839486479759216
R1,tile_0164,2.0710180699825287,2.163020819425583,1.7955102026462555,2.2024638950824738
R1,tile_0165,2.2094234824180603,2.1547047793865204,1.9117909669876096,2.2423528134822845
R1,tile_0166,1.5478643774986267,2.06926167011261,1.584348976612091,2.04094260931015
R1,tile_0167,1.9837144017219543,2.2231310606002808,1.8237164616584776,2.142016887664795
R1,tile_0168,1.955733597278595,2.3261409997940063,1.380536109209061,1.9231459498405457
R1,tile_0169,2.031848132610321,2.263045758008957,1.4291022717952728,1.9546911120414732
R1,tile_0170,2.0146191120147705,2.3093339800834656,1.527312397956848,2.0618966221809387
R1,tile_0171,1.8957886099815369,2.3506230115890503,1.3312849402427671,2.0838063955307007
R1,tile_0172,2.100880742073059,2.0955154299736023,1.911972463130951,2.1457983553409576
R1,tile_0173,1.7397905886173248,2.261411398649216,1.533363163471222,2.11857333779335
R1,tile_0174,2.024388015270233,2.2323155403137207,1.7334525287151337,2.136288285255432
R1,tile_0175,1.7388217151165009,2.329399883747101,1.3787877559661863,1.834620088338852
R1,tile_0176,1.7746828496456146,2.2506941854953766,1.8063056468963623,2.103024423122406
R1,tile_0177,1.864019632339477,2.1842528879642487,1.7844071984291077,2.0412081480026245
R1,tile_0178,1.8399235606193545,2.1751530468463898,1.763039231300354,2.0453478395938878
R1,tile_0179,1.8945105373859408,2.343730926513672,1.6920389235019684,2.138701528310776
R1,tile_0180,2.1401649713516235,2.2121484577655792,1.7135584354400637,2.0641647279262543
R1,tile_0181,2.0609357953071594,2.0602673292160034,1.8206162750720976,2.018374800682068
R1,tile_0182,1.847890466451645,2.1349774301052094,1.6921132802963257,2.027917951345444
R1,tile_0183,2.0098964869976044,2.1741367876529694,1.9621402025222776,2.16361403465271
R1,tile_0184,1.870806068181992,2.243299186229706,1.556142121553421,2.145710289478302
R1,tile_0185,1.8085825443267824,2.22993403673172,1.3996204733848572,2.0409736037254333
R1,tile_0186,1.619618684053421,2.248745411634445,1.1845704913139343,1.9773310422897337
R1,tile_0187,1.512741595506668,2.199794948101044,1.2340070307254791,1.880929321050644
R1,tile_0188,1.544245928525925,2.115474194288254,1.4813661575317385,1.9157350063323972
R1,tile_0189,1.8094761669635773,1.8833339214324951,1.5031491219997406,2.0996731519699097
R1,tile_0190,1.9629532098770144,1.962870955467224,1.8156629800796509,2.0040546357631683
R1,tile_0191,1.889968812465668,2.1718180179595947,1.5426981449127195,1.9873309135437007
R1,tile_0192,1.8353348970413208,2.199314832687378,1.6290386021137238,2.1484827995300293
R1,tile_0193,1.746779382228851,2.10077702999115,1.8263587355613708,2.116844654083252
R1,tile_0194,1.7755134403705597,2.1783827245235443,1.4297699928283691,1.9854603707790373
R1,tile_0195,1.7739903926849363,2.3413583636283875,1.4016735553741455,2.140115201473236
R1,tile_0196,1.8855130672454836,2.279353737831116,1.4297465980052948,2.074401080608368
R1,tile_0197,2.0012345910072327,2.060357481241226,1.6624268889427185,1.956658661365509
R1,tile_0198,1.620461791753769,2.1757055819034576,1.5067340433597565,2.125091552734375
R1,tile_0199,1.875646859407425,2.1662965416908264,1.7618428170681,2.157966196537018
R1,tile_0200,1.809556484222412,2.107775062322617,1.7422395944595337,1.9899703562259676
R1,tile_0201,1.9309742748737333,2.264620363712311,1.866956353187561,2.2436416149139404
R1,tile_0202,1.6808846592903135,2.140639126300812,1.9602346420288088,2.003955692052841
R1,tile_0203,1.8240539729595184,2.2220858931541443,1.8759667873382568,2.043224722146988
R1,tile_0204,1.8136437237262728,2.0284543931484222,1.7800165712833405,2.0416441559791565
R1,tile_0205,1.8733803927898407,2.2765670716762543,1.791321337223053,2.190258800983429
R1,tile_0206,1.901109665632248,2.2901633381843567,1.7243270576000214,2.208079099655152
R1,tile_0207,1.9909432530403135,2.26842999458313,1.183525323867798,2.171882390975952
R1,tile_0208,2.0970362424850464,2.338121384382248,1.2585043907165527,2.1379289031028748
R1,tile_0209,1.6870097815990448,2.319456785917282,1.4356882870197296,2.0037420094013214
R1,tile_0210,1.7601881921291351,2.224435806274414,1.5244564414024353,2.1207043528556824
R1,tile_0211,1.58698707818985,2.298584282398224,1.616014540195465,1.9915622472763064
R1,tile_0212,1.7434407770633698,2.307562530040741,1.7338624596595764,1.8532927334308624
R1,tile_0213,1.440468579530716,2.0954959094524384,1.5086250007152555,1.8749834597110748
R1,tile_0214,1.9264765083789823,2.008694708347321,1.7010167241096497,2.145296484231949
R1,tile_0215,1.7613866925239563,2.069983333349228,1.8651561439037323,2.1043337881565094
R1,tile_0216,1.537124216556549,2.096078246831894,1.7678478360176086,1.9188794493675232
R1,tile_0217,1.3127587735652924,2.102241665124893,1.438104659318924,1.9786787033081052
R1,tile_0218,1.956770420074463,2.217516601085663,1.502651572227478,2.1113410592079163
R1,tile_0219,1.962939202785492,2.1517908573150635,1.854462176561356,2.1096742153167725
R1,tile_0220,1.7418131232261658,2.001049667596817,1.6596987843513489,1.9474920630455017
R1,tile_0221,1.548411250114441,1.9105017185211184,1.707027107477188,1.917835772037506
R1,tile_0222,1.8568532168865204,1.9964298605918884,1.7203281819820404,2.0702002942562103
R1,tile_0223,1.622806191444397,2.18014657497406,1.6522130370140076,1.935344934463501
R1,tile_0224,1.599172204732895,2.1492597460746765,1.811278611421585,1.961040198802948
R1,tile_0225,1.655459702014923,2.0313772559165955,1.6386693716049194,1.9156067073345184
R1,tile_0226,1.6767063736915588,2.1416692435741425,1.6641584038734436,2.152813076972961
R1,tile_0227,1.9825315475463867,2.247636914253235,1.5997295081615448,2.1034106612205505
R1,tile_0228,1.5226802229881289,2.098321318626404,1.6847893595695496,2.059691399335861
R1,tile_0229,1.9487836956977844,2.275178134441376,1.71070396900177,2.1766741573810577
R1,tile_0230,1.8704810738563535,2.2628888487815857,1.2976093590259552,2.1734392642974854
R1,tile_0231,1.9080601632595064,2.2913122177124023,1.3393421471118927,2.1427330374717712
R1,tile_0232,1.6322749853134155,2.295486330986023,1.459416151046753,1.9393739104270933
R1,tile_0233,1.975899040699005,2.29147270321846,1.884373277425766,2.1583636105060577
R1,tile_0234,1.7643678188323977,2.3265427350997925,1.14079087972641,1.9230565428733823
R1,tile_0235,1.5686139464378357,2.187412977218628,1.3793881237506866,2.0892031490802765
R1,tile_0236,1.7634084820747375,2.176597267389297,1.7425324022769928,2.037452459335327
R1,tile_0237,1.654028594493866,2.2166408598423004,1.7374864220619202,1.932286620140076
R1,tile_0238,1.559414118528366,1.9892872869968412,1.7136368155479431,1.8689802289009092
R1,tile_0239,1.9186437129974363,2.229423820972442,1.842012256383896,2.147599756717682
R1,tile_0240,1.434578001499176,1.4642708003520966,1.6223704814910889,1.839185506105423
R1,tile_0241,2.0762257277965546,1.9774022698402405,1.9623562693595888,1.9831037521362305
R1,tile_0242,1.9623422622680664,2.071164697408676,1.898261606693268,2.067027986049652
R1,tile_0243,2.0004235208034515,2.07345187664032,2.0129573345184326,2.129885107278824
R1,tile_0244,2.1371720731258392,2.140945643186569,1.79669126868248,1.9739344716072085
R1,tile_0245,2.0691925287246704,2.2202546894550323,1.701948493719101,2.055761516094208
R1,tile_0246,1.8786785006523128,1.7789967358112335,1.6739128530025482,1.820581555366516
R1,tile_0247,1.6734662652015686,1.926732212305069,1.5758810937404633,1.7890290915966034
R1,tile_0248,1.5709134936332705,1.7849278450012207,1.6124796867370603,1.7800679802894592
R1,tile_0249,1.4839431643486023,1.826980710029602,1.8182070553302765,2.047952264547348
R1,tile_0250,2.110966145992279,2.0343299210071564,1.6629275679588318,2.171689420938492
R1,tile_0251,1.8141433596611023,2.319405972957611,1.64682999253273,2.118033915758133
R1,tile_0252,1.997370421886444,2.2571881115436554,1.9300083816051483,2.0870494842529297
R1,tile_0253,1.712862253189087,2.2309494018554688,1.3105176389217377,1.954500675201416
R1,tile_0254,2.0923250913619995,2.3130476474761963,1.4633050560951233,2.1129748225212097
R1,tile_0255,1.8395763635635376,2.314358651638031,1.2605595588684082,2.033875286579132
R1,tile_0256,1.8863007426261904,2.192308008670807,1.6528362035751345,2.016381621360779
R1,tile_0257,2.009776532649994,2.1510663628578186,1.561099737882614,2.111809551715851
R1,tile_0258,1.9349046051502228,2.331766784191132,1.563113033771515,2.2054442763328552
R1,tile_0259,1.779860109090805,2.207754105329513,1.5464892983436584,1.8665435910224917
R1,tile_0260,1.7219312489032743,2.1832430362701416,1.6324755549430847,1.9304122030735016
R1,tile_0261,1.9450560212135315,2.218522429466248,1.5183451771736145,2.200507521629333
R1,tile_0262,2.072218358516693,2.1414220333099365,1.7156118154525757,1.9108982384204865
R1,tile_0263,1.7385581135749817,2.3027104139328003,1.555171012878418,2.0229756832122803
R1,tile_0264,1.5383026003837583,2.316504567861557,1.7039193212985992,2.098624110221863
R1,tile_0265,1.650576889514923,2.22320020198822,1.8636049330234528,2.0420020818710327
R1,tile_0266,1.9063958525657652,2.223297953605652,1.7624354362487793,2.049645632505417
R1,tile_0267,1.7228692770004272,2.03682154417038,1.7572908103466034,2.061564177274704
R1,tile_0268,1.7213882505893707,1.8541936576366425,1.7112310230731964,2.139365971088409
R1,tile_0269,2.1127231419086456,2.136799097061157,2.025396078824997,2.117050886154175
R1,tile_0270,1.8759223818778992,2.214054614305496,1.9024965167045595,2.0528247952461243
R1,tile_0271,1.7440252006053925,1.9520412385463717,1.7860513925552368,1.9130825996398928
R1,tile_0272,1.7663246393203735,2.2120562195777893,1.691897213459015,1.8320882320404053
R1,tile_0273,2.0475077629089355,2.1639205515384674,1.8240590393543243,1.971280425786972
R1,tile_0274,1.9067123532295227,2.261168658733368,1.8012835085391998,2.1156303584575653
R1,tile_0275,1.9328296184539795,2.233225554227829,1.7499057948589325,2.111899852752685
R1,tile_0276,1.795942783355713,2.1678951382637024,1.1507101356983185,2.161558121442795
R1,tile_0277,1.8373888731002808,2.021286934614181,1.6014274954795835,1.992498487234116
R1,tile_0278,2.1891814470291138,2.262207716703415,1.731803119182587,1.6423889994621277
R1,tile_0279,1.967114955186844,2.3658600449562077,1.7098534107208252,1.8444083631038664
R1,tile_0280,1.8123310804367063,2.32054054737091,1.7798057198524475,1.9252584874629972
R1,tile_0281,1.7078788578510284,2.089003622531891,1.776307076215744,1.9474658370018003
R1,tile_0282,1.7478908598423004,2.22823828458786,1.7652308940887451,1.9312776625156405
R1,tile_0283,1.663275957107544,2.2957535088062286,1.6631239652633667,1.914295256137848
R1,tile_0284,1.944754123687744,2.2000136971473694,1.627008318901062,2.166323363780976
R1,tile_0285,1.815798431634903,2.2642703354358678,1.648022085428238,2.0834335684776306
R1,tile_0286,1.8484094738960264,2.3337754607200623,1.836353838443756,2.1188274025917053
R1,tile_0287,1.9787873327732088,2.243527472019196,1.5913532674312592,2.085664570331573
R1,tile_0288,1.7901045083999634,2.1717432141304016,1.664101779460907,2.012699842453003
R1,tile_0289,2.0117898285388947,2.02809602022171,1.7913617193698883,1.9903481006622317
R1,tile_0290,1.880827248096466,2.130783498287201,1.7731007933616638,1.8434230983257291
R1,tile_0291,1.888195723295212,2.289153039455414,1.721181720495224,1.9658417999744413
R1,tile_0292,1.9745594263076784,2.048403918743133,1.9111165404319763,2.014382779598236
R1,tile_0293,1.849585473537445,2.099723219871521,1.8181142210960388,2.1966029703617096
R1,tile_0294,1.5901947021484375,1.9018417596817017,1.7335900664329529,2.0736759901046757
R1,tile_0295,2.1331658959388733,2.220713198184967,1.861485987901688,1.9234956800937653
R1,tile_0296,1.9619181752204893,2.1547386050224304,1.7491468787193298,2.1209552884101868
R1,tile_0297,1.9315584003925323,2.1038277447223663,1.7089277505874634,2.093711644411087
R1,tile_0298,1.8027590215206144,2.0659811794757843,1.89436674118042,2.0966319739818573
R1,tile_0299,1.9635464251041408,2.3002229630947117,1.472368836402893,2.2143715620040894
R1,tile_0300,1.935817003250122,2.2433118522167206,1.2402798980474472,2.134784162044525
R1,tile_0301,2.1119682490825653,2.254461348056793,1.5899893641471865,1.9498564302921293
R1,tile_0302,1.7452235519886017,2.213425785303116,1.3426607847213743,2.020787596702576
R1,tile_0303,2.0635417103767395,2.1941211819648743,1.7298159003257751,2.010189592838288
R1,tile_0304,2.055341899394989,1.9547906517982483,1.7928050458431244,2.0037005841732025
R1,tile_0305,1.8928700685501096,1.9263151288032527,1.7599377036094666,2.095687687397003
R1,tile_0306,1.9969330728054049,2.2113463282585144,1.8011073768138883,1.9851788878440857
R1,tile_0307,1.6811078786849976,2.276633381843567,1.545103341341019,2.0206114649772644
R1,tile_0308,1.6557787358760834,2.24277064204216,1.833182871341705,2.048085331916809
R1,tile_0309,2.1167171001434326,2.0831020176410675,1.5871773660182953,1.9798123836517332
R1,tile_0310,1.743895262479782,1.933278739452362,1.8324711918830872,2.0941972732543945
R1,tile_0311,1.817903220653534,2.00152724981308,1.7384874820709229,1.872119903564453
R1,tile_0312,1.5594705939292908,2.2081221640110016,1.777605563402176,1.973674297332764
R1,tile_0313,1.6182926297187803,2.00400710105896,1.6026011109352112,1.875038594007492
R1,tile_0314,1.7952612042427063,2.06167072057724,1.773269772529602,1.8360516428947449
R1,tile_0315,1.79216206073761,2.2602906823158264,1.8408778309822085,2.097353935241699
R1,tile_0316,1.6170835494995115,2.1803118288517,1.5343132615089417,1.979397535324097
R1,tile_0317,1.6302914917469025,1.854799687862396,1.5777014195919037,2.016884088516236
R1,tile_0318,1.6791203618049622,2.0430201292037964,1.788243055343628,2.1543775498867035
R1,tile_0319,2.055111825466156,2.079295814037323,1.9481772184371948,2.196464091539383
R1,tile_0320,1.8207554519176483,1.9164741039276123,1.4350423216819763,2.0329761505126958
R1,tile_0321,1.7962646484375,1.9538384675979612,1.8345791101455688,2.2212469577789307
R1,tile_0322,1.8873389065265656,2.214292734861374,1.5477225184440613,2.048573195934296
R1,tile_0323,1.960798352956772,2.2065649926662445,1.4447110891342163,1.9996783137321472
R1,tile_0324,1.8735793232917783,2.205794006586075,1.492702066898346,1.97782039642334
R1,tile_0325,1.9039349257946012,2.2621366381645203,1.3722710311412811,1.9653066992759705
R1,tile_0326,1.8597042560577397,2.314576059579849,1.530419439077377,2.0575666427612305
R1,tile_0327,1.876293122768402,2.0556437969207764,1.6139671206474304,1.91195085644722
R1,tile_0328,1.8951961398124693,2.1322500705718994,1.5447650849819183,1.900884360074997
R1,tile_0329,1.6989606618881226,2.1324005722999573,1.8039751052856443,2.0956137776374817
R1,tile_0330,1.8481683731079104,2.2368741035461426,1.6187959909439087,2.11240828037262
R1,tile_0331,1.4807239174842834,1.9996008276939392,1.6097408533096311,1.854151338338852
R1,tile_0332,1.8917465209960935,2.132924199104309,1.5655747056007383,1.9160330295562744
R1,tile_0333,1.974538266658783,2.171594500541687,1.5428520739078522,1.868915557861328
R1,tile_0334,1.722739338874817,2.1743780374526978,1.564832329750061,1.953260898590088
R1,tile_0335,1.647015959024429,2.0609815418720245,1.7933213710784912,1.9955730438232424
R1,tile_0336,1.6584192216396332,1.8726345896720888,1.611683964729309,1.892557293176651
R1,tile_0337,1.8008831143379211,2.16695249080658,1.5628308057785034,1.9339989125728607
R1,tile_0338,2.034764885902405,2.317472100257873,1.5248915553092957,1.96171373128891
R1,tile_0339,1.991797387599945,2.362692654132843,1.5389129519462583,2.145127058029175
R1,tile_0340,1.7802125215530396,2.2575536370277405,1.692385971546173,2.1542827785015106
R1,tile_0341,2.143529951572418,2.1654003858566284,1.7449158430099487,2.0039084553718567
R1,tile_0342,1.947665959596634,2.243055999279022,1.796596646308899,2.0944474637508392
R1,tile_0343,1.873602420091629,2.3233094811439514,1.5238502621650696,1.9830156862735748
R1,tile_0344,1.748982071876526,2.280351519584656,1.585506796836853,2.140459418296814
R1,tile_0345,2.0826008915901184,2.2277963161468506,1.5848001837730408,2.122848927974701
R1,tile_0346,1.8025824427604675,2.3465627431869507,1.387220025062561,2.229853868484497
R1,tile_0347,1.9903892278671265,2.212662398815155,1.5172353386878967,2.2832101583480835
R1,tile_0348,2.173713743686676,2.128782868385315,1.6667738556861875,2.094811052083969
R1,tile_0349,2.113363742828369,2.199038565158844,1.49002343416214,2.1334777772426605
R1,tile_0350,1.8281914293766024,2.1842296421527863,1.6907107830047607,1.9923803210258484
R1,tile_0351,2.0800836384296417,2.278061956167221,1.600119322538376,1.9152960181236267
R1,tile_0352,1.7762468755245209,2.100828737020493,1.5262870490550997,1.9312921166419983
R1,tile_0353,1.8870416283607483,2.113392651081085,1.59196674823761,1.662866473197937
R1,tile_0354,1.5839320421218872,2.076616585254669,1.5505313873291016,1.7961618304252625
R1,tile_0355,1.8075209856033323,2.197241485118866,1.9795429706573489,2.1365834772586823
R1,tile_0356,1.6133278608322144,2.1434836089611053,1.7059330642223358,2.0168519020080566
R1,tile_0357,1.5716305375099182,1.894020438194275,1.5619760751724243,1.9976505637168884
R1,tile_0358,1.7116257548332214,2.087783515453338,1.6728858649730682,2.041427493095398
R1,tile_0359,1.8256358802318573,2.138778120279312,1.82764932513237,1.9653117656707764
R1,tile_0360,2.004377245903015,2.193712592124939,1.4352674782276154,1.796652227640152
R1,tile_0361,1.9168499112129207,2.2263287007808685,1.536003053188324,2.1431617438793182
R1,tile_0362,1.925176978111267,2.199249267578125,1.4506787061691284,1.907539963722229
R1,tile_0363,1.9928257167339325,2.264062464237213,1.5641368925571442,2.064583897590637
R1,tile_0364,1.8616588413715365,2.248030006885529,1.5343263745307922,1.767752170562744
R1,tile_0365,1.8386361002922056,2.185337543487549,1.411426067352295,1.921909749507904
R1,tile_0366,1.88777357339859,2.3000267148017883,1.4999286830425262,2.0759718120098114
R1,tile_0367,1.8879744410514832,2.2545918822288518,1.59099280834198,2.0462171733379364
R1,tile_0368,1.863704174757004,2.3021671175956726,1.5310640633106232,2.142796814441681
R1,tile_0369,2.0258629322052,2.3869185149669647,1.6353739798069,2.1424072980880737
R1,tile_0370,1.8470267951488493,2.241186797618866,1.4611737430095673,2.198783755302429
R1,tile_0371,1.825241595506668,2.309386283159256,1.3912928104400637,2.1798980236053467
R1,tile_0372,1.919311285018921,2.3311427235603333,1.6358448565006256,2.1399378776550293
R1,tile_0373,1.6887439787387848,2.211178839206696,1.6302621364593506,2.0791952311992645
R1,tile_0374,1.6822829842567444,2.2961580753326416,1.684989482164383,2.052206993103028
R1,tile_0375,1.81023970246315,2.128496766090393,1.262352019548416,1.815116107463837
R1,tile_0376,1.828860491514206,2.0041896402835846,1.6758820414543152,1.804539263248444
R1,tile_0377,1.7235596477985382,2.121343165636062,1.745595633983612,2.0620939135551453
R1,tile_0378,1.9193196296691892,2.1298040449619293,1.7004753649234772,1.948491781949997
R1,tile_0379,1.6342009603977203,2.0765741169452667,1.3961747288703918,1.7228986322879791
R1,tile_0380,2.00322687625885,1.8210682272911072,1.6479484736919403,2.0650820434093475
R1,tile_0381,1.954355090856552,2.203311622142792,1.7254486680030825,1.9475051760673523
R1,tile_0382,1.9834333658218384,2.139936089515686,1.6872033476829529,1.98632687330246
R1,tile_0383,1.7724914848804474,2.245614379644394,1.698780357837677,2.0875465869903564
R1,tile_0384,1.6967365145683289,2.299988567829132,1.496638506650925,1.9338281452655792
R1,tile_0385,2.02004998922348,2.317341268062592,1.6374793648719788,2.1013224124908447
R1,tile_0386,1.6464096307754517,2.306733280420304,1.2565577030181885,1.9010691344738009
R1,tile_0387,1.6796287894248962,2.1939848363399506,1.3852563500404358,1.8399478495121
R1,tile_0388,1.9301021099090576,2.226225733757019,1.49483785033226,1.6236099600791931
R1,tile_0389,1.7331472039222715,2.327798306941986,1.427302062511444,1.8329043686389923
R1,tile_0390,1.7449396848678589,2.30552226305008,1.3753385841846466,2.019585371017456
R1,tile_0391,1.8328244984149933,2.2576668858528137,1.4528664946556091,2.222137153148651
R1,tile_0392,1.741371601819992,2.253506183624268,1.356440931558609,1.7256177961826324
R1,tile_0393,2.0593830943107605,2.416421175003052,1.4524129033088684,2.150227427482605
R1,tile_0394,1.899403780698776,2.3451052606105804,1.4097806811332705,2.22964659333229
R1,tile_0395,1.9477853178977969,2.1955767273902893,1.6657885909080503,1.814235746860504
R1,tile_0396,1.9320708513259888,2.3211562633514404,1.6002941131591797,1.990105509757996
R1,tile_0397,1.8414941430091856,2.3248252272605896,1.5749529004096985,1.9002719223499296
R1,tile_0398,1.7365045845508575,2.3397067189216614,1.2496937811374664,2.139001488685608
R1,tile_0399,1.99407160282135,2.2534801065921783,1.3143207132816317,2.05910861492157
R1,tile_0400,1.7797182500362396,2.300814539194107,1.5461863577365875,2.034481018781662
R1,tile_0401,2.11020365357399,2.296481877565384,1.2021232396364212,1.7658653855323792
R1,tile_0402,1.6549637913703918,2.2177250683307648,1.4879661798477173,1.8614619970321653
R1,tile_0403,2.013179063796997,2.1275150775909424,1.747908890247345,2.081581354141236
R1,tile_0404,1.9970980286598208,1.9585642218589785,1.7853516340255735,2.105857729911804
R1,tile_0405,1.7577263712882996,2.1300414204597478,1.7811188101768494,1.914701610803604
R1,tile_0406,2.06969678401947,2.289423942565918,1.4690563082695007,1.9439199566841123
R1,tile_0407,1.947146952152252,2.303128689527512,1.5262922644615171,2.006947249174118
R1,tile_0408,1.9281378388404848,2.258043587207794,1.6149452328681946,2.113000452518463
R1,tile_0409,2.0395927131175995,2.2588184475898743,1.6070835292339325,2.213575094938278
R1,tile_0410,2.07062304019928,2.2107496857643127,1.458631157875061,1.9519996643066408
R1,tile_0411,1.916784644126892,2.102678120136261,1.3663382828235626,1.979893893003464
R1,tile_0412,1.6329407691955566,2.262127995491028,1.4338886737823486,1.8597856163978577
R1,tile_0413,2.0805445313453674,2.258211374282837,1.2754367291927338,2.013830989599228
R1,tile_0414,2.00216680765152,2.0977063477039337,1.3375245034694672,2.071690261363983
R1,tile_0415,2.086387872695923,2.233947515487671,1.4556677639484406,1.8642579019069672
R1,tile_0416,2.079501748085022,2.3416894674301147,1.5806534886360168,2.1641772985458374
R1,tile_0417,1.733945608139038,2.241661846637726,1.5880076587200165,2.0592841506004333
R1,tile_0418,1.7609745264053345,2.154761552810669,1.6470973193645475,2.118880599737168
R1,tile_0419,1.8670137226581571,2.386559247970581,1.2826314568519592,2.2703132033348083
R1,tile_0420,1.6630052030086515,2.243548333644867,1.2845779955387115,2.223051786422729
R1,tile_0421,1.7712236940860748,2.2955435514450078,1.4675572514533997,1.9420629739761357
R1,tile_0422,1.8238459527492523,2.3298896849155426,1.6714510321617126,2.1432414650917053
R1,tile_0423,1.5431255102157593,2.350049614906311,1.5925860404968262,2.0772239565849304
R1,tile_0424,1.7408573627471924,2.1071775257587437,1.5429379045963287,1.8213523924350736
R1,tile_0425,1.825261414051056,2.06562340259552,1.7636790871620178,2.0729628205299377
R1,tile_0426,1.9629602134227755,2.0459066331386566,1.6607214510440826,2.081180214881897
R1,tile_0427,2.059264332056045,2.097781002521515,1.6838344931602478,2.0170465111732483
R1,tile_0428,1.8380294740200045,2.182207703590393,1.6779308021068573,1.921861171722412
R1,tile_0429,2.1810297667980194,2.281358391046524,1.4617884159088137,2.058137357234955
R1,tile_0430,1.902921199798584,2.290586233139038,1.5726417303085327,1.9671225547790527
R1,tile_0431,1.6877669095993042,2.2235581278800964,1.6421209275722504,2.070216536521912
R1,tile_0432,2.0577335357666016,2.1916936337947845,1.179000288248062,2.156079411506653
R1,tile_0433,2.015809267759323,2.342691719532013,1.1870450526475906,2.142590284347534
R1,tile_0434,1.8913500010967252,2.270566374063492,1.2858615815639496,2.254441231489181
R1,tile_0435,1.775244623422623,2.2798335552215576,1.6027507185935974,2.035035938024521
R1,tile_0436,1.7492945492267609,2.2089220583438878,1.5163202583789823,2.0589424669742584
R1,tile_0437,1.8547821044921875,2.265600264072418,1.3821198046207428,1.9555535912513733
R1,tile_0438,2.0816239714622498,2.2509117424488068,1.5383902192115784,1.966998279094696
R1,tile_0439,2.1877308189868927,2.2753891348838806,1.6458965837955477,2.0700491964817047
R1,tile_0440,1.9512571394443512,2.3208943009376526,1.700349748134613,2.177416235208512
R1,tile_0441,1.528027057647705,2.344646155834198,1.6857671737670898,2.117040753364563
R1,tile_0442,1.9059908390045168,2.241835594177246,1.4117681980133057,2.2068022191524506
R1,tile_0443,1.9180521368980408,2.360478490591049,1.5970207750797272,2.098349630832672
R1,tile_0444,2.029539793729782,2.254285514354706,1.543118953704834,1.9921189546585083
R1,tile_0445,1.6884613037109375,2.290284186601639,1.5624311566352844,2.0872652530670166
R1,tile_0446,1.8159598112106323,2.309403717517853,1.449282467365265,2.117650657892227
R1,tile_0447,1.95071205496788,2.21635177731514,1.3239024579524994,2.1002480387687683
R1,tile_0448,1.913556307554245,2.1772193908691406,1.482287049293518,1.766074001789093
R1,tile_0449,1.9530397653579712,2.198333293199539,1.6915197670459747,2.1148794889450078
R1,tile_0450,1.966264545917511,2.1967995166778564,1.7689910531044006,2.0534908771514893
R1,tile_0451,2.0016081631183624,2.2356335818767548,1.5125815570354462,1.7535415291786194
R1,tile_0452,2.121628075838089,2.2904586791992188,1.594785451889038,2.106529474258423
R1,tile_0453,2.121641039848328,2.2679010033607483,1.6842883825302124,1.9543048739433289
R1,tile_0454,2.1381132304668427,2.2607290744781494,1.4966128766536713,2.138081192970276
R1,tile_0455,1.97975754737854,2.291078418493271,1.4690512418746948,2.038304507732392
R1,tile_0456,1.8701986968517303,2.16697096824646,1.406095325946808,1.955524981021881
R1,tile_0457,1.6610987484455109,2.280400097370148,1.656036376953125,1.7181047797203064
R1,tile_0458,1.679101288318634,2.191743850708008,1.519552767276764,1.894121915102005
R1,tile_0459,1.6742053627967834,2.334528416395188,1.3854102790355682,1.846088320016861
R1,tile_0460,2.023756355047226,2.2714266180992126,1.3950037956237793,1.82933509349823
R1,tile_0461,2.117006480693817,2.2764812409877777,1.2525558471679688,1.863284558057785
R1,tile_0462,2.2235946357250214,2.3041366040706635,1.6040919721126556,2.008746862411499
R1,tile_0463,2.0774301886558533,2.2870028018951416,1.5732282400131226,2.165820598602295
R1,tile_0464,1.9116976857185364,2.1773171424865723,1.7470969259738922,2.0557641983032227
R1,tile_0465,1.8108056485652924,2.220854163169861,1.679208129644394,2.140091061592102
R1,tile_0466,1.8035659193992613,2.303561270236969,1.36205792427063,2.2132284939289093
R1,tile_0467,2.02522873878479,2.3318779468536377,1.4535900950431824,1.9707174599170685
R1,tile_0468,1.9117987155914309,2.3012575507164,1.5383633971214294,1.9846232235431671
R1,tile_0469,1.804727166891098,2.2512882947921757,1.4480498433113098,2.012466788291931
R1,tile_0470,1.7380577325820925,2.313385009765625,1.4939358830451963,2.0931175351142883
R1,tile_0471,2.0446182787418365,2.3160091042518616,1.728486865758896,2.1743322908878326
R1,tile_0472,1.9663408398628237,2.357548624277115,1.561642736196518,2.036111354827881
R1,tile_0473,1.849628984928131,2.2847266495227814,1.479538381099701,1.7960762977600098
R1,tile_0474,1.5833757817745209,2.3638877272605896,1.389455497264862,1.9551335275173187
R1,tile_0475,1.9808508455753329,2.281945943832397,1.6143377125263214,2.025185227394104
R1,tile_0476,2.1079380810260773,2.228287756443024,1.4801281690597534,2.070368379354477
R1,tile_0477,1.89498633146286,2.1034257113933563,1.7770937085151672,2.0146775245666504
R1,tile_0478,2.076106369495392,2.349795550107956,1.6981682181358335,2.074362337589264
R1,tile_0479,1.7116545140743256,2.3039792478084564,1.7445385456085205,2.2495009005069733
R1,tile_0480,1.922052949666977,2.0992299914360046,1.5229132771492004,2.082521915435791
R1,tile_0481,1.9197461009025572,2.213330864906311,1.600203812122345,2.108774334192276
R1,tile_0482,1.822228878736496,2.2594380378723145,1.5543988347053528,2.1136529743671417
R1,tile_0483,1.7867951095104218,2.2479279339313507,1.752694696187973,2.0297010242938995
R1,tile_0484,1.8061383068561556,2.29685053229332,1.360730230808258,1.8963922560215
R1,tile_0485,2.000129669904709,2.20344215631485,1.5797513723373413,2.0832714438438416
R1,tile_0486,1.8808701634407043,2.254069149494171,1.5881121158599854,2.1533778309822083
R1,tile_0487,1.7051684856414795,2.141619920730591,1.4428044855594635,1.9842301309108732
R1,tile_0488,1.7065033316612244,2.152518630027771,1.4504560828208923,1.858733296394348
R1,tile_0489,1.8211518228054049,2.3013190925121307,1.353105455636978,2.203933745622635
R1,tile_0490,1.7292357981204989,2.333384454250336,1.3308057188987732,2.208463102579117
R1,tile_0491,1.5977837145328522,2.241644263267517,1.2861013412475586,2.2626644372940063
R1,tile_0492,1.8875640630722048,2.295484691858292,1.5314947068691254,2.2944024205207825
R1,tile_0493,1.7801350355148315,2.2985538840293884,1.447821706533432,2.196563333272934
R1,tile_0494,1.8295902013778689,2.2487765550613403,1.5475650131702423,2.2972512245178223
R1,tile_0495,1.5129053592681885,1.9245235621929169,1.5918536484241486,2.02830970287323
R1,tile_0496,1.7781063914299011,2.1731726825237274,1.6614747047424316,1.8391965329647064
R1,tile_0497,1.8651561439037323,2.2689414024353027,1.5769672393798828,1.7894883453845978
R1,tile_0498,1.523049920797348,2.211012542247772,1.5754181146621704,1.86739444732666
R1,tile_0499,1.9028706848621368,2.2733697295188904,1.7471933364868164,2.088736593723297
R1,tile_0500,2.1816131472587585,2.3220081627368927,1.3444775342941284,1.8802399933338163
R1,tile_0501,1.9169938564300537,2.3227092623710632,1.7508161067962646,2.0115087926387787
R1,tile_0502,1.9342109560966487,2.252083271741867,1.5418557822704315,2.189127206802368
R1,tile_0503,2.042066752910614,2.337607890367508,1.477825492620468,1.8633607029914856
R1,tile_0504,1.9028285145759585,2.1408337354660034,1.7076155543327332,2.092915177345276
R1,tile_0505,1.806030869483948,2.190418541431427,1.675478368997574,2.046484351158142
R1,tile_0506,1.8978503346443176,2.2151175141334534,1.9755421578884125,1.9713236391544344
R1,tile_0507,1.67384073138237,2.313401997089386,1.706206500530243,2.1000827848911285
R1,tile_0508,2.1001487970352173,2.3187394440174103,1.5432144701480863,2.022547423839569
R1,tile_0509,1.8691499531269076,2.323735058307648,1.398051679134369,1.9447627663612368
R1,tile_0510,1.7902570962905884,2.119019329547882,1.6190311312675476,1.7977668344974518
R1,tile_0511,1.929320693016052,2.2647063434123997,1.281759887933731,1.7849516868591309
R1,tile_0512,2.0021216571331024,2.2713735699653625,1.3414907455444336,2.211940139532089
R1,tile_0513,1.7701245844364166,2.319021075963974,1.3723520934581757,2.2738435864448547
R1,tile_0514,1.92607581615448,2.3428359627723694,1.488694250583649,2.119627594947815
R1,tile_0515,1.966565102338791,2.3330573737621307,1.5571728348731997,2.2422173619270325
R1,tile_0516,1.973566561937332,2.319690883159637,1.3126461207866669,2.22100630402565
R1,tile_0517,1.6692444682121277,2.242479771375656,1.5316614508628843,2.060159742832184
R1,tile_0518,1.946224719285965,2.359856963157654,1.7131385207176208,2.1937084197998047
R1,tile_0519,2.0590102672576904,2.2452467679977417,1.577504426240921,1.9520829617977145
R1,tile_0520,1.895790994167328,2.305111885070801,1.3815636932849884,1.9349873065948489
R1,tile_0521,1.9849267601966856,2.1740370988845825,1.457255631685257,1.94440558552742
R1,tile_0522,2.048318088054657,2.1361227333545685,1.5296775102615356,1.986703425645828
R1,tile_0523,1.9149914383888245,2.271430194377899,1.4658686518669128,2.021441161632538
R1,tile_0524,2.026425004005432,2.239164113998413,1.4978811144828796,2.046894133090973
R1,tile_0525,2.08952933549881,2.168714553117752,1.5831120312213898,1.8845517933368685
R1,tile_0526,2.078354358673096,2.317308634519577,1.7128583788871763,2.117359042167664
R1,tile_0527,1.74213707447052,2.212420552968979,1.5988275408744812,2.0029953122138977
R1,tile_0528,1.9371190667152405,2.2509917616844177,1.7065440118312836,1.9300945103168488
R1,tile_0529,1.8667708337306976,2.17776820063591,1.6002093255519867,1.9433435797691343
R1,tile_0530,2.1857188642024994,2.27344274520874,1.5523363649845123,2.1087734401226044
R1,tile_0531,2.0841042697429657,2.292946428060532,1.8406765162944796,2.107786983251572
R1,tile_0532,2.0544520020484924,2.249933183193207,1.4106354117393494,2.137010842561722
R1,tile_0533,1.916514039039612,2.2957643866539,1.8293145298957825,1.9523179531097408
R1,tile_0534,1.5870098769664764,2.1383757889270782,1.174316704273224,1.8617168068885803
R1,tile_0535,1.7168645560741425,2.332680821418762,1.3605380058288574,2.160835862159729
R1,tile_0536,1.8644222617149355,2.328021377325058,1.6662418842315674,2.2990810871124268
R1,tile_0537,1.8017324805259705,2.346056401729584,1.3845910131931305,2.073016464710236
R1,tile_0538,2.0155952870845795,2.2430598735809326,1.348079890012741,2.1930332481861115
R1,tile_0539,1.8739384412765503,2.2003263235092163,1.479513198137283,2.165137231349945
R1,tile_0540,1.7415271699428558,2.3735928535461426,1.3176946341991425,2.1325238049030304
R1,tile_0541,1.9687354564666748,2.357876002788544,1.4999254047870636,2.285212278366089
R1,tile_0542,2.0028385519981384,2.1929875016212463,1.249730959534645,2.026441842317581
R1,tile_0543,1.7344991862773895,2.058815509080887,1.361292004585266,2.182405591011048
R1,tile_0544,1.97035014629364,2.357938289642334,1.496911197900772,2.1174031496047974
R1,tile_0545,2.09026038646698,2.315381169319153,1.6218672692775726,2.0391440391540527
R1,tile_0546,1.816929578781128,2.239613234996796,1.5863165259361267,2.1598154306411743
R1,tile_0547,1.871551871299744,2.192899584770202,1.6471771895885468,2.136421203613281
R1,tile_0548,1.84761643409729,2.3409634828567505,1.7541666328907013,2.0338305830955505
R1,tile_0549,1.906982958316803,2.244947850704193,1.7431601881980896,2.096390426158905
R1,tile_0550,2.166089117527008,2.270556092262268,1.713906079530716,2.0187023282051086
R1,tile_0551,1.8835088610649109,2.1732479333877563,1.680209040641785,1.993747353553772
R1,tile_0552,1.7109967768192291,2.2054120898246765,1.697197109460831,1.9252735376358032
R1,tile_0553,1.9949951767921448,2.304066121578217,1.593957394361496,2.0290404558181763
R1,tile_0554,1.9712772965431211,2.23503053188324,1.565120965242386,1.9394919276237488
R1,tile_0555,2.128443866968155,2.375904321670532,1.5255871415138245,2.0220036804676056
R1,tile_0556,1.7683979868888855,2.089851200580597,1.6337105631828308,1.8937623500823972
R1,tile_0557,1.460285782814026,2.188883274793625,1.4241695404052734,2.0048335194587708
R1,tile_0558,1.745949685573578,2.3172421753406525,1.5397091209888458,2.3093637824058533
R1,tile_0559,1.9242122769355772,2.269441783428192,1.5156126022338867,2.3091688752174377
R1,tile_0560,2.013566344976425,2.197320163249969,1.3724224269390106,1.957782804965973
R1,tile_0561,1.8049810826778407,2.3336689174175262,1.681944578886032,2.217170000076294
R1,tile_0562,2.1268028020858765,2.202319800853729,1.4350464940071106,2.2214561700820923
R1,tile_0563,1.91521629691124,2.2784656286239624,1.4945194125175476,2.259763777256012
R1,tile_0564,1.896575093269348,2.2755327820777893,1.2389934062957764,2.231941372156143
R1,tile_0565,1.9684255123138428,2.359272837638855,1.2748399376869202,1.9646617770195007
R1,tile_0566,1.7917685210704803,2.2739894688129425,1.5163801610469818,1.6808348894119265
R1,tile_0567,2.0403024554252625,2.1518895030021667,1.4815813302993774,1.760644018650055
R1,tile_0568,2.0720508694648743,2.2490930557250977,1.4957061409950256,1.9065238535404203
R1,tile_0569,1.8055090308189392,2.2759416699409485,1.6780129075050354,2.01442614197731
R1,tile_0570,1.882195770740509,2.2040487825870514,1.5419235825538635,1.9966964423656464
R1,tile_0571,1.8470801413059237,2.2769351303577423,1.659950464963913,2.048656642436981
R1,tile_0572,2.0215849578380585,2.3563352227211,1.636258065700531,2.125161290168762
R1,tile_0573,1.727871298789978,2.1678854525089264,1.8534080684185028,2.0202237367630005
R1,tile_0574,1.8558359146118164,2.2840991616249084,1.6122794151306152,2.1040117740631104
R2,tile_0000,1.6453510522842407,2.139151692390442,1.307176649570465,1.7809823155403135
R2,tile_0001,2.1089206635952,2.2056807577610016,1.2844857573509216,1.6968734562397003
R2,tile_0002,2.1549513936042786,2.3104876279830933,1.5596267580986023,1.8641182780265808
R2,tile_0003,2.018751800060272,2.299514412879944,1.7767493426799774,2.137868404388428
R2,tile_0004,2.184531688690185,2.30093777179718,1.8523898720741272,1.9651153683662412
R2,tile_0005,2.120218575000763,2.2802531719207764,1.548805683851242,2.0668798685073853
R2,tile_0006,1.746804565191269,2.0768457651138306,1.604694277048111,2.0840521156787872
R2,tile_0007,2.1552911400794983,2.272222340106964,1.7758381366729736,2.0875322818756104
R2,tile_0008,2.085829377174377,2.187209874391556,1.4871732890605929,2.0207563042640686
R2,tile_0009,1.8080466985702517,2.2143058478832245,1.6662780940532684,2.0753200352191925
R2,tile_0010,2.025817334651947,2.2325289249420166,1.3911908864974976,2.0563389360904694
R2,tile_0011,2.032430022954941,2.372583448886872,1.4556866884231567,2.041051983833313
R2,tile_0012,1.9443237781524656,2.279224991798401,1.3819383084774015,1.9969511032104488
R2,tile_0013,1.6375556588172913,1.9313867390155792,1.522022783756256,1.9306272268295288
R2,tile_0014,1.7824511229991913,2.21668004989624,1.547478437423706,2.0928555727005005
R2,tile_0015,1.780499517917633,2.2874541580677032,1.675230860710144,1.820521503686905
R2,tile_0016,1.735696941614151,2.363104075193405,1.8200796842575075,2.048252820968628
R2,tile_0017,1.991146206855774,2.18838319182396,1.6047893464565277,1.7058475315570831
R2,tile_0018,1.633932888507843,2.2312018275260925,1.46952822804451,2.102435827255249
R2,tile_0019,1.619468778371811,2.107839286327362,1.2998828291893003,1.8098819255828855
R2,tile_0020,1.8991604447364807,2.3204639554023743,1.6702990233898165,1.990258991718292
R2,tile_0021,1.8832765519618988,2.2953926026821136,1.546444296836853,2.191084176301956
R2,tile_0022,2.0623713731765747,2.292073518037796,1.6318392753601074,2.184278219938278
R2,tile_0023,1.7635950446128843,2.29177325963974,1.5047375857830048,1.721482276916504
R2,tile_0024,1.7600636184215546,2.1805840730667114,1.681070625782013,1.891937255859375
R2,tile_0025,2.1258147060871124,2.161889672279358,1.4760252833366394,2.036820501089096
R2,tile_0026,2.110803723335266,2.271474599838257,1.4759479463100431,2.1259796619415283
R2,tile_0027,2.0486389100551605,2.232846617698669,1.652977168560028,2.027220278978348
R2,tile_0028,1.9168758392333984,2.268575131893158,1.438458114862442,2.031303346157074
R2,tile_0029,1.306922882795334,2.350529432296753,1.4053559303283691,1.8496781587600708
R2,tile_0030,1.8564067780971527,2.3670244216918945,1.5291228890419006,1.928924322128296
R2,tile_0031,1.759868562221527,2.2793012857437134,1.5031445026397705,1.8882517516613009
R2,tile_0032,2.048940062522888,2.2686077654361725,1.540336161851883,1.8220874667167664
R2,tile_0033,1.8834343552589417,2.287297546863556,1.4996488392353058,1.8063561618328092
R2,tile_0034,1.5674883127212524,2.310786098241806,1.4040425419807434,1.7920443415641785
R2,tile_0035,1.7259809374809263,2.269412875175476,1.5807810425758362,2.1084268391132355
R2,tile_0036,1.8295302987098692,2.21881702542305,1.497964859008789,1.981596201658249
R2,tile_0037,1.7588698863983154,2.2463572025299072,1.5686166286468506,2.109072059392929
R2,tile_0038,1.9228644669055937,2.3344986140728,1.4415089786052704,2.1088239550590515
R2,tile_0039,1.7580287158489227,2.1894660592079163,1.6044923663139343,2.079381495714188
R2,tile_0040,1.4894109964370728,2.271323502063751,1.7186997830867767,1.998911947011948
R2,tile_0041,2.125456780195236,2.045493572950363,1.6013401746749878,2.057289630174637
R2,tile_0042,1.8649129569530487,2.1577753126621246,1.3502147793769836,1.8179677426815035
R2,tile_0043,1.9656431674957275,2.139211744070053,1.3439242541790009,2.013153433799744
R2,tile_0044,2.097591757774353,2.2381149232387543,1.52951180934906,2.1837545931339264
R2,tile_0045,1.893456876277924,2.0905373990535736,1.6952961683273315,2.0186442136764526
R2,tile_0046,2.1052907407283783,2.315676212310791,1.3078829646110537,1.983874887228012
R2,tile_0047,2.0131653547286987,2.163508534431457,1.292601227760315,1.8699495494365688
R2,tile_0048,2.091188430786133,2.277958989143372,1.5921996533870697,2.0405013859272003
R2,tile_0049,1.89191073179245,2.2038547694683075,1.5868858993053436,1.8940648436546328
R2,tile_0050,1.726832091808319,2.350044548511505,1.456904262304306,1.8116329610347748
R2,tile_0051,1.7695993185043335,2.2851967811584477,1.448538452386856,1.857863962650299
R2,tile_0052,1.493806540966034,2.32661634683609,1.623532623052597,1.89853698015213
R2,tile_0053,1.8509219586849213,2.234414517879486,1.5146130323410034,1.9892901182174685
R2,tile_0054,1.6086632013320925,2.2538040578365326,1.448858678340912,1.8550215661525729
R2,tile_0055,1.6527487337589264,2.178187370300293,1.4156562089920044,2.015768736600876
R2,tile_0056,1.7211979627609253,2.2798803448677063,1.484149992465973,1.729990839958191
R2,tile_0057,2.143782079219818,2.357761859893799,1.7640750110149384,2.1185284852981567
R2,tile_0058,1.8737520277500157,2.3157094419002533,1.7812031507492063,2.118874490261078
R2,tile_0059,1.634876728057861,2.190804183483124,1.4368805289268494,2.1482285857200623
R2,tile_0060,2.072502076625824,2.3464947938919067,1.4901673793792725,1.8754062056541445
R2,tile_0061,1.8158799409866333,2.226795256137848,1.480981707572937,2.0630520582199097
R2,tile_0062,2.050642073154449,2.312333434820175,1.6848522424697876,2.042047381401062
R2,tile_0063,1.767696738243103,2.340864986181259,1.5551988780498505,2.106750458478928
R2,tile_0064,1.9575947523117063,2.2663648426532745,1.4397136867046356,2.0708218216896057
R2,tile_0065,2.0122872292995453,2.225879579782486,1.520405411720276,2.0573419332504272
R2,tile_0066,2.097014486789704,2.14733362197876,1.6277681291103363,1.952185034751892
R2,tile_0067,2.016960382461548,2.186928391456604,1.550655961036682,1.9309574365615845
R2,tile_0068,1.9777366518974304,1.9876837730407717,1.6271592676639557,1.9880469143390656
R2,tile_0069,1.9588595628738403,2.04914391040802,1.824146956205368,1.959964632987976
R2,tile_0070,2.0394647121429443,2.2590307891368866,1.3265420496463776,1.818382889032364
R2,tile_0071,2.016003727912903,2.2953660786151886,1.436256468296051,1.905614137649536
R2,tile_0072,1.8608666956424715,2.063436657190323,1.4980660378932953,1.773337721824646
R2,tile_0073,2.027774155139923,2.0981723070144653,1.5724697709083555,1.6039744019508362
R2,tile_0074,2.0923390984535217,2.340695559978485,1.6957131028175354,2.081555128097534
R2,tile_0075,1.9975873827934263,2.255255132913589,1.5955527126789093,1.825942546129227
R2,tile_0076,1.8620195984840395,2.3372407257556915,1.546386033296585,2.2142551839351654
R2,tile_0077,1.4782032370567322,2.345048636198044,1.2590841948986051,2.001279890537262
R2,tile_0078,1.8210889399051664,2.2951924800872803,1.775529682636261,2.091270089149475
R2,tile_0079,1.840100735425949,2.107166051864624,1.378272324800491,2.0369794964790344
R2,tile_0080,1.988235265016556,2.2730162739753723,1.5085279941558838,2.1686646342277527
R2,tile_0081,2.021380364894867,2.282034158706665,1.5099948644638062,2.107027620077133
R2,tile_0082,2.0601971447467804,2.3275670409202576,1.366756558418274,2.061990350484848
R2,tile_0083,2.036864161491394,2.171596884727478,1.5717390179634094,2.104301154613495
R2,tile_0084,1.8629008531570437,2.1291163563728333,1.4297164976596832,1.9712920486927032
R2,tile_0085,2.120504677295685,2.355993539094925,1.6360196471214294,2.019408941268921
R2,tile_0086,2.0860010385513306,2.2272950410842896,1.6634997725486755,1.9312280416488647
R2,tile_0087,2.0271942019462585,2.2357718646526337,1.9241847097873688,2.0893286168575287
R2,tile_0088,2.09317684173584,2.290413975715637,1.4737828075885773,1.9031032919883728
R2,tile_0089,2.092842608690262,2.330407202243805,1.589714139699936,2.011735290288925
R2,tile_0090,1.905830204486847,2.238127142190933,1.501209735870361,1.912577748298645
R2,tile_0091,1.8231472373008728,2.267983853816986,1.492956131696701,1.9051486253738403
R2,tile_0092,1.6488786041736605,2.30548694729805,1.8332327902317047,2.008023262023926
R2,tile_0093,1.4866487681865692,2.32929602265358,1.5800362825393677,2.038073390722275
R2,tile_0094,1.7000389099121094,2.317928969860077,1.7276649177074432,2.003774344921112
R2,tile_0095,2.042076140642166,2.270192801952362,1.5224459767341614,2.0177584886550903
R2,tile_0096,1.8848121166229248,2.1554554998874664,1.5038922429084778,1.8947303295135496
R2,tile_0097,1.7179077863693235,2.14751735329628,1.4703357219696045,2.19734326004982
R2,tile_0098,1.8954873085021973,2.245018780231476,1.4594537019729614,2.0418915152549744
R2,tile_0099,1.8303346633911133,2.173885703086853,1.5279892086982727,2.055238485336304
R2,tile_0100,1.985580623149872,2.2061926126480103,1.5477028489112854,2.160142958164215
R2,tile_0101,1.8281960487365725,2.2169360518455505,1.699109673500061,2.15030699968338
R2,tile_0102,2.0585347712039948,2.206374704837799,1.4575494825839996,1.9478534162044523
R2,tile_0103,2.1498464047908783,2.314037084579468,1.5215599536895752,1.7502452433109283
R2,tile_0104,2.0016735792160034,2.298621386289597,1.5708011388778689,1.98590949177742
R2,tile_0105,1.9954009354114528,2.178780436515808,1.6497282683849337,1.9159895181655884
R2,tile_0106,2.062769830226898,2.1665403246879578,1.7184725403785706,1.9970546662807465
R2,tile_0107,2.077270597219467,2.2601771354675293,1.5344801545143127,1.9347065687179563
R2,tile_0108,1.807873249053955,2.2809207439422607,1.6992288827896118,2.0194095373153687
R2,tile_0109,1.935696303844452,2.3152120411396027,1.6278056800365448,2.014709860086441
R2,tile_0110,1.9842396676540373,2.294904440641403,1.719743013381958,1.7280545830726624
R2,tile_0111,1.947438567876816,2.22724050283432,1.692221611738205,1.836734265089035
R2,tile_0112,1.5509033203125,2.247951179742813,1.5303121507167816,1.8304896354675293
R2,tile_0113,2.021644711494446,2.3200206458568573,1.5880414843559263,2.0069068670272827
R2,tile_0114,1.8492716550827024,2.280278205871582,1.7277389764785769,2.188296318054199
R2,tile_0115,1.7521564662456512,1.959140747785568,1.516304612159729,2.0563414692878723
R2,tile_0116,1.850630640983581,2.2479671239852905,1.4264728128910065,2.1473288536071777
R2,tile_0117,1.934492141008377,2.252073884010315,1.4195932447910309,2.074737548828125
R2,tile_0118,2.0057205855846405,2.1856164932250977,1.280701607465744,1.7489182949066162
R2,tile_0119,1.7799915373325348,2.2827857732772827,1.2571260333061218,1.737782210111618
R2,tile_0120,1.7930468916893003,2.283526360988617,1.368456780910492,2.040899842977524
R2,tile_0121,1.9887632131576536,2.280396819114685,1.2890814244747162,1.784234195947647
R2,tile_0122,2.091013193130493,2.233658879995346,1.7262092232704165,2.0835159718990326
R2,tile_0123,1.7895552515983582,2.230391502380371,1.5539754927158356,2.0387953519821167
R2,tile_0124,2.123821973800659,2.2827017307281494,1.5418878197669983,1.988612115383148
R2,tile_0125,2.1291884779930115,2.319939434528351,1.5647158026695251,1.939414143562317
R2,tile_0126,1.5907588601112366,2.139195501804352,1.6169725358486176,1.9036930799484253
R2,tile_0127,1.9978711009025572,2.2847019135952,1.7385946214199066,2.111609280109405
R2,tile_0128,1.8293677270412445,2.227313369512558,1.737070083618164,1.7890697717666626
R2,tile_0129,1.4755022525787354,2.207797169685364,1.572052240371704,1.9577133655548096
R2,tile_0130,1.761191338300705,2.2274795174598694,1.5696218609809875,1.7176192998886108
R2,tile_0131,1.9875693321228027,2.262129485607147,1.712999790906906,2.194837182760238
R2,tile_0132,2.1444781124591827,2.2992509603500366,1.5771616995334623,1.9965995848178864
R2,tile_0133,1.9675663113594053,2.2585777938365936,1.6164284944534302,1.8511641025543213
R2,tile_0134,1.970519870519638,2.251216471195221,1.372566074132919,2.070993483066559
R2,tile_0135,1.9642210006713867,2.285052239894867,1.321691870689392,1.7015570402145386
R2,tile_0136,1.919049322605133,2.2876492142677307,1.5844979882240295,1.8463844060897827
R2,tile_0137,1.812986731529236,2.228877395391464,1.3865841925144196,1.729053258895874
R2,tile_0138,1.8418294191360476,2.2849133610725403,1.806108057498932,2.1884718537330627
R2,tile_0139,1.8875426054000852,2.22875714302063,1.6661833226680756,1.9802601635456083
R2,tile_0140,1.84503972530365,2.266523689031601,1.6451078653335571,1.9001930952072144
R2,tile_0141,1.833428144454956,2.320820391178131,1.5430183708667755,2.00396865606308
R2,tile_0142,1.944610029459,2.2892236709594727,1.6070279479026794,1.92940354347229
R2,tile_0143,1.901769042015076,2.1542727947235107,1.7006111145019531,2.0027220249176025
R2,tile_0144,1.6648441553115845,1.957122981548309,1.3073644042015076,1.917609423398972
R2,tile_0145,1.6615886986255646,1.772310584783554,1.7803074419498444,2.2247783839702606
R2,tile_0146,1.502850502729416,1.7375276982784271,1.6138136386871338,1.959942728281021
R2,tile_0147,2.1688494086265564,2.136601358652115,1.5126369893550873,1.998140811920166
R2,tile_0148,1.8078568577766416,2.244642972946167,1.483655571937561,1.691695749759674
R2,tile_0149,1.8065419793128967,2.260935604572296,1.34209007024765,2.093323916196823
R2,tile_0150,1.9322100281715395,2.258525788784027,1.4358150959014893,1.8075935542583463
R2,tile_0151,1.972251534461975,2.2689104080200195,1.560066640377045,1.9959068298339844
R2,tile_0152,1.9920173287391665,2.351367622613907,1.615229249000549,2.075514942407608
R2,tile_0153,2.2152353823184967,2.373446375131607,1.4223259687423706,1.7486053705215454
R2,tile_0154,1.8233568966388705,2.055152654647827,1.5689629316329956,1.858772039413452
R2,tile_0155,1.9854788482189176,2.176063656806946,1.601177304983139,2.035921961069107
R2,tile_0156,2.117011845111847,2.2946660220623016,1.5680992603302002,2.1590979397296906
R2,tile_0157,1.918548047542572,2.3348164558410645,1.5431101620197296,1.924458295106888
R2,tile_0158,1.78837850689888,2.275448739528656,1.5614449977874756,2.0239755511283875
R2,tile_0159,1.9537948071956637,2.296488732099533,1.745581030845642,1.985853910446167
R2,tile_0160,2.014451324939728,2.3435378074646,1.4038822054862976,1.8095982074737549
R2,tile_0161,1.8266239762306211,2.318121343851089,1.6050107777118685,1.8810877203941343
R2,tile_0162,2.1574126183986664,2.201284021139145,1.963687539100647,2.1315592527389526
R2,tile_0163,2.103501558303833,2.0672348141670227,1.871677041053772,2.1528975665569305
R2,tile_0164,2.034771293401718,2.1047616004943848,1.562461256980896,2.132112830877304
R2,tile_0165,2.266714721918106,2.125487327575684,1.7334239184856417,1.9636699557304385
R2,tile_0166,1.538695991039276,2.2038480639457703,1.4176943898200989,2.120126783847809
R2,tile_0167,1.971689760684967,2.3182329535484314,1.6182535886764526,1.996901035308838
R2,tile_0168,1.963362991809845,2.2513671219348907,1.494978815317154,1.958213448524475
R2,tile_0169,1.73026442527771,2.3032134771347046,1.591489315032959,1.9747501611709597
R2,tile_0170,2.137056589126587,2.312856167554856,1.597488820552826,1.7005416750907898
R2,tile_0171,1.772552728652954,2.2885702550411224,1.5250980854034424,2.085052877664566
R2,tile_0172,1.8894138932228088,2.2981351613998413,1.286461353302002,1.7579913139343262
R2,tile_0173,2.056758403778076,2.308172583580017,1.4091023802757263,1.784600019454956
R2,tile_0174,2.0117563009262085,2.3417596518993378,1.5139956772327423,1.9872891902923584
R2,tile_0175,1.7616291344165802,2.257934957742691,1.6558116674423218,2.0126061141490936
R2,tile_0176,2.021335363388061,2.3021183907985687,1.639041006565094,1.9095781445503237
R2,tile_0177,2.142760157585144,2.3191748559474945,1.5726131200790403,2.023195475339889
R2,tile_0178,1.7392003536224363,2.3430052399635315,1.6464032232761383,2.130943238735199
R2,tile_0179,1.7225633561611176,2.173517346382141,1.6925247013568878,2.0962069928646088
R2,tile_0180,1.6026853024959564,1.7474724352359772,1.806088984012604,1.999129056930542
R2,tile_0181,1.8367721140384676,1.807258278131485,1.731543391942978,2.0749109983444214
R2,tile_0182,1.9768157601356504,2.0853443443775177,1.7190086841583252,1.7407497763633728
R2,tile_0183,2.1540066599845886,2.16250017285347,1.7619822919368744,2.086205333471298
R2,tile_0184,1.5570980310440063,1.45135298371315,1.735541820526123,1.9166922569274905
R2,tile_0185,2.040339857339859,2.363642007112503,1.6281446814537048,2.0350338518619537
R2,tile_0186,2.046525627374649,2.210553288459778,1.640886664390564,2.0923765003681183
R2,tile_0187,2.0331481099128723,2.301703691482544,1.6013941168785095,1.78875133395195
R2,tile_0188,2.144746482372284,2.3332424461841583,1.26171812415123,1.761457920074463
R2,tile_0189,2.062600553035736,2.078273594379425,1.5931028127670288,2.042470872402191
R2,tile_0190,1.871996223926544,2.2446808218956,1.5201379358768463,1.8679068982601168
R2,tile_0191,1.997617483139038,2.3632578551769257,1.691104769706726,1.938713788986206
R2,tile_0192,1.9900619983673096,2.2838035225868225,1.5471479296684263,1.9102710485458372
R2,tile_0193,1.9341972470283508,2.265361100435257,1.7826791107654572,1.875186264514923
R2,tile_0194,2.0654231309890747,2.3232387006282806,1.2615396082401276,1.675364375114441
R2,tile_0195,2.041570097208023,2.1770134568214417,1.436367779970169,1.681903749704361
R2,tile_0196,2.026306390762329,2.3166392743587494,1.6347353160381315,1.9242185354232788
R2,tile_0197,2.19670444726944,2.292838990688324,1.5670046210289,2.0037204027175903
R2,tile_0198,1.8849822878837583,1.9558845460414889,1.9364386796951292,1.857277750968933
R2,tile_0199,1.6039672493934631,1.6440097987651825,1.812864989042282,2.141840904951096
R2,tile_0200,1.725933700799942,2.120368778705597,1.6034477949142456,1.6576620936393738
R2,tile_0201,2.123273760080337,2.0287421345710754,1.462911069393158,1.8804213404655457
R2,tile_0202,1.8233615159988403,2.3455114662647247,1.6607676446437836,1.919337511062622
R2,tile_0203,1.7937302589416504,2.284526377916336,1.6762073338031769,2.027251571416855
R2,tile_0204,2.123200595378876,2.3164261877536774,1.6140542924404144,2.109728157520294
R2,tile_0205,1.923438310623169,2.2843587398529053,1.3878026604652405,1.9332802295684812
R2,tile_0206,1.5747100114822388,2.2205112874507904,1.6451629996299744,1.9993022084236145
R2,tile_0207,1.6993246972560885,2.34579473733902,1.4978617429733276,1.88541978597641
R2,tile_0208,1.996661126613617,2.3036834597587585,1.554764211177826,1.911037266254425
R2,tile_0209,2.0487231016159058,2.3387475311756134,1.4237961173057556,2.0409727096557617
R2,tile_0210,2.187260389328003,2.332450896501541,1.566302925348282,1.9123053550720213
R2,tile_0211,1.9413113594055176,2.1557065844535828,1.690022349357605,1.9312217831611636
R2,tile_0212,2.1006283164024357,2.2134146094322205,1.7149178683757782,2.0717649161815643
R2,tile_0213,2.050935924053192,2.312522977590561,1.9104370474815369,2.0041903853416443
R2,tile_0214,1.883128136396408,2.290185987949372,1.5619824826717377,2.0213767886161804
R2,tile_0215,1.814468055963516,2.362006902694702,1.573189198970795,1.897055059671402
R2,tile_0216,1.796816885471344,1.9893214106559756,1.7291714251041412,2.033449411392212
R2,tile_0217,1.639219969511032,2.264414727687836,1.7633923888206482,2.11455300450325
R2,tile_0218,1.6750365495681765,1.90522775053978,1.7265698313713074,2.0600908994674683
R2,tile_0219,1.951126903295517,1.9758784770965576,1.6312426328659058,2.0972004532814026
R2,tile_0220,1.7017187178134918,2.068995088338852,1.5940429270267489,1.9892781972885127
R2,tile_0221,1.74940824508667,2.28713259100914,1.6199882328510284,2.084492295980453
R2,tile_0222,1.927606761455536,2.3367729783058167,1.549761742353439,2.0315659046173096
R2,tile_0223,1.6002631187438965,2.323520630598068,1.7313563823699951,1.961289495229721
R2,tile_0224,1.4153452217578888,1.9317317008972168,1.2128721922636032,1.6873350739479065
R2,tile_0225,2.1277718245983124,2.2374309599399567,1.5908662974834442,1.9142735004425049
R2,tile_0226,1.7834889888763428,2.249443084001541,1.6611331701278689,1.978778839111328
R2,tile_0227,1.9597750902175903,2.3188507556915283,1.5188667178153992,1.9071575999259949
R2,tile_0228,1.8982452154159544,2.2719264030456543,1.594379097223282,2.022828757762909
R2,tile_0229,1.9638393819332125,2.2258205711841583,1.6538336873054504,1.85566321015358
R2,tile_0230,1.6970393061637878,2.2222116589546204,1.32228821516037,1.658731997013092
R2,tile_0231,2.026481330394745,2.2715921700000763,1.706288456916809,2.1048693358898163
R2,tile_0232,1.836676001548767,2.3347775638103485,1.5289844572544098,1.923803687095642
R2,tile_0233,1.999254822731018,2.2135362029075623,1.4614719152450562,2.07709938287735
R2,tile_0234,1.6948406398296356,2.3105713725090027,1.6338515281677246,2.0650896430015564
R2,tile_0235,1.3217949867248535,1.5390998125076294,1.5316300094127655,2.076590657234192
R2,tile_0236,1.6208072006702423,1.556067019701004,1.8487191200256348,1.7679671943187714
R2,tile_0237,1.6961494088172913,1.8069642782211304,1.6082701086997986,2.0438578724861145
R2,tile_0238,1.96650430560112,2.1409279108047485,1.6272729635238647,1.9666944444179533
R2,tile_0239,1.7253217101097107,2.314152419567108,1.6870181262493134,1.9420869648456571
R2,tile_0240,2.0149092376232147,2.306641042232513,1.4080357551574707,1.8028491735458372
R2,tile_0241,2.0857208967208862,2.335978150367737,1.7096102237701416,1.88070684671402
R2,tile_0242,1.74555242061615,2.20552921295166,1.6147054731845856,1.9554287195205688
R2,tile_0243,1.6244679689407349,2.0940743386745453,1.7166060209274292,1.973528563976288
R2,tile_0244,1.7393481731414795,2.341563403606415,1.557351052761078,1.9672809541225436
R2,tile_0245,1.8686215579509733,2.23452627658844,1.5942800045013428,2.058928459882736
R2,tile_0246,2.1485303342342377,2.299821972846985,1.5329213440418243,1.8428483605384829
R2,tile_0247,1.769518256187439,2.1319665014743805,1.6330239176750183,2.0854391157627106
R2,tile_0248,1.8780156970024109,2.2288450598716736,1.4596588909626007,2.071719765663147
R2,tile_0249,1.8498635292053225,2.147960811853409,1.4975517988204956,2.033910751342773
R2,tile_0250,1.9925346970558169,2.261683940887451,1.4665031433105469,1.9068489968776705
R2,tile_0251,1.7227798700332642,2.2230151295661926,1.3392171263694763,1.84065580368042
R2,tile_0252,1.6602866351604462,2.268935739994049,1.4511507749557495,2.0342086255550385
R2,tile_0253,1.769549548625946,1.6660100221633911,1.2837234139442444,1.6664478182792664
R2,tile_0254,1.4424599707126615,1.97356715798378,1.7460761964321136,1.924264430999756
R2,tile_0255,1.5325990319252014,2.174668312072754,1.6528744995594025,1.962922215461731
R2,tile_0256,1.6686981916427612,1.7614607512950895,1.7383380234241486,1.975439190864563
R2,tile_0257,1.8392753601074217,2.237975895404816,1.2331518530845642,1.621686369180679
R2,tile_0258,2.038436383008957,2.313310950994492,1.4440160989761353,1.9007933139801023
R2,tile_0259,1.670963615179062,2.311180830001831,1.5852099657058716,2.0273448526859283
R2,tile_0260,1.8306337296962736,2.197529822587967,1.7506453394889832,1.918439269065857
R2,tile_0261,1.673589050769806,2.1728073060512543,1.778880953788757,2.012198269367218
R2,tile_0262,1.8498866260051727,2.343478500843048,1.640884280204773,2.101912349462509
R2,tile_0263,2.015639543533325,2.296409457921982,1.350141018629074,1.6587714850902555
R2,tile_0264,1.5803010761737823,2.26235568523407,1.4702770113945007,1.9402191042900083
R2,tile_0265,1.7301535606384275,2.2040417790412903,1.476653218269348,1.7898505926132202
R2,tile_0266,1.866607367992401,2.179145365953445,1.611052304506302,2.101941555738449
R2,tile_0267,1.94085955619812,2.1826286613941197,1.4020204544067385,1.918867230415344
R2,tile_0268,1.9129696488380432,2.2178292274475098,1.5940077602863312,1.892284452915192
R2,tile_0269,1.9095249474048612,2.1619457006454468,1.5337097644805908,2.0129993557929997
R2,tile_0270,1.8445926904678345,2.249031364917755,1.6445660591125488,2.161824554204941
R2,tile_0271,1.7135752737522123,2.2793319821357727,1.625927984714508,2.134677767753601
R2,tile_0272,1.8048600852489471,2.101699113845825,1.6377924382686615,2.035471200942993
R2,tile_0273,1.86282217502594,2.3131002485752106,1.4903277158737185,2.0410946011543274
R2,tile_0274,1.8109826743602755,2.1457526087760925,1.5636970102787018,1.9716404378414156
R2,tile_0275,2.0740747451782227,2.3110249638557434,1.634591668844223,1.9831407070159912
R2,tile_0276,1.7402563989162445,2.34377920627594,1.3605715334415436,1.6982226073741913
R2,tile_0277,1.9357770681381223,2.357280850410461,1.7371392250061035,2.077871859073639
R2,tile_0278,2.123926281929016,2.2265881299972534,1.5031766891479492,1.9244220852851868
R2,tile_0279,1.8818339705467224,2.349267601966858,1.5842102468013763,2.100425362586975
R2,tile_0280,1.9838036596775053,2.3140549659729004,1.5994709730148315,1.9727426767349243
R2,tile_0281,2.0311173796653748,2.3459796607494354,1.6774262487888336,2.125996798276901
R2,tile_0282,2.139219641685486,2.3558148741722107,1.4558497071266174,1.889493763446808
R2,tile_0283,1.9603066146373749,2.307927757501602,1.6885879635810852,2.173874825239181
R2,tile_0284,1.9349345564842224,2.234563529491425,1.6063687205314636,1.869664490222931
R2,tile_0285,2.042829692363739,2.2858457267284398,1.5733683109283447,2.1228452026844025
R2,tile_0286,2.0078548789024357,2.1378548443317413,1.706591546535492,1.9538570940494535
R2,tile_0287,1.9040733575820925,2.210564464330673,1.433228850364685,1.7884507775306702
R2,tile_0288,1.6850551962852478,2.3165009915828705,1.4755301177501678,2.153954356908798
R2,tile_0289,1.8603311479091644,2.14421421289444,1.5079668164253237,1.776532232761383
R2,tile_0290,1.5280292928218842,2.0254018902778625,1.4794489741325378,1.984211951494217
R2,tile_0291,1.7685864865779877,2.2846749424934387,1.659081131219864,2.0492547750473022
R2,tile_0292,2.1265020966529846,2.303893715143204,1.4692214131355286,1.6876298189163208
R2,tile_0293,2.0373213291168213,2.183653265237808,1.4137452840805054,2.0541223883628845
R2,tile_0294,1.7478075623512268,2.113425135612488,1.501917839050293,2.075858563184738
R2,tile_0295,2.0620834827423096,2.2692082822322845,1.4821100234985352,1.8904398381710048
R2,tile_0296,2.0590680837631226,2.256515622138977,1.4757360517978668,1.916353404521942
R2,tile_0297,1.7625322937965393,2.2252440452575684,1.499560922384262,1.9323912262916565
R2,tile_0298,1.8283939361572263,2.3536017537117004,1.7582899332046509,2.1145153045654297
R2,tile_0299,2.1452099084854126,2.2918379306793213,1.6894155740737915,2.034212201833725
R2,tile_0300,1.900344789028168,2.3095302283763885,1.5398001670837402,1.9626572728157043
R2,tile_0301,1.7498834431171415,2.1869438886642456,1.4789530634880066,1.9481787085533144
R2,tile_0302,1.872803270816803,2.2319395840168,1.6438452899456024,1.9903822243213651
R2,tile_0303,1.953338831663132,2.2394010424613957,1.620764136314392,1.986345797777176
R2,tile_0304,1.9272834062576292,2.272409498691559,1.4225609600543976,1.7389026284217834
R2,tile_0305,1.9421927630901337,2.122880518436432,1.5510131418704989,1.8359914422035215
R2,tile_0306,1.7987899482250214,2.1186265349388123,1.3858811557292938,2.0295049250125885
R2,tile_0307,1.962684541940689,1.79104283452034,1.726372241973877,2.044675797224045
R2,tile_0308,1.856570541858673,2.3162589967250824,1.5925133228302002,2.0515483617782597
R2,tile_0309,2.043290436267853,2.308199256658554,1.6216760873794556,2.186160832643509
R2,tile_0310,2.098243534564972,2.2916731238365173,1.6073349118232727,1.925256848335266
R2,tile_0311,1.989603340625763,2.2338464856147766,1.4030995965003967,1.698057800531387
R2,tile_0312,1.9555610418319704,2.2563812136650085,1.5653897821903229,2.080146074295044
R2,tile_0313,2.0619969069957733,2.343524396419525,1.617637276649475,2.13311105966568
R2,tile_0314,1.9384390115737915,2.3432737588882446,1.4458368718624115,1.9566528499126437
R2,tile_0315,2.0144976675510406,2.325151562690735,1.4247001707553864,1.906086653470993
R2,tile_0316,1.6100519895553589,2.362920641899109,1.5660250186920166,2.183534651994705
R2,tile_0317,2.040838897228241,2.316904813051224,1.560688614845276,1.9952824711799624
R2,tile_0318,2.0063458383083344,2.316838651895523,1.677272617816925,2.161778211593628
R2,tile_0319,1.979621648788452,2.234793901443481,1.5041320025920868,2.017376571893692
R2,tile_0320,2.02255442738533,2.191922664642334,1.5768398344516754,2.016672044992447
R2,tile_0321,1.934414952993393,2.369952797889709,1.668356955051422,2.020038664340973
R2,tile_0322,2.071906477212906,2.2654667496681213,1.6955074667930603,1.8898221850395205
R2,tile_0323,1.8503311276435848,2.1313130855560303,1.645735204219818,1.972571313381195
R2,tile_0324,1.6909603774547577,2.3401933908462524,1.580217927694321,1.800898164510727
R2,tile_0325,1.98107585310936,2.354392558336258,1.6450470685958862,1.842513531446457
R2,tile_0326,1.8646122515201569,2.282439172267914,1.6531777381896973,2.0131874084472656
R2,tile_0327,1.804361492395401,2.236105799674988,1.4492762088775637,2.0619766414165497
R2,tile_0328,2.2288280725479126,2.365909367799759,1.643548309803009,1.9457784295082088
R2,tile_0329,1.989630162715912,2.3222053050994877,1.6509374976158142,1.9000901281833649
R2,tile_0330,1.9124487042427063,2.291804850101471,1.459936499595642,1.9216534495353697
R2,tile_0331,1.53456911444664,2.291754484176636,1.484847217798233,1.8452262878417969
R2,tile_0332,1.705978810787201,2.2706085443496704,1.5863889455795288,2.0228226482868195
R2,tile_0333,1.9655197858810425,2.226234078407288,1.5121325850486755,1.901266872882843
R2,tile_0334,1.8943533301353452,2.2373922169208527,1.5191248059272766,1.8992160260677335
R2,tile_0335,1.5170371532440186,2.24275141954422,1.6240042448043823,2.0283758640289307
R2,tile_0336,2.0241963863372803,2.29200080037117,1.5784773230552671,2.0583587884902954
R2,tile_0337,2.0070675015449524,2.2510194778442383,1.2865541875362396,1.5665872395038605
R2,tile_0338,1.8563635647296903,2.2680358588695526,1.6356758773326874,2.051568925380707
R2,tile_0339,1.7774999141693115,2.197674959897995,1.3430508971214294,1.7975297570228577
R2,tile_0340,1.8264766037464144,2.12187796831131,1.3836035132408142,2.062453478574753
R2,tile_0341,1.85654878616333,2.188083380460739,1.5524692833423617,2.0199576020240784
R2,tile_0342,1.8102528154850008,2.271176427602768,1.633729338645935,1.991141736507416
R2,tile_0343,1.9250251352787016,2.1463489532470703,1.5747137367725372,1.817937344312668
R2,tile_0344,1.998339742422104,2.2236618399620056,1.3818691670894625,2.0914162695407867
R2,tile_0345,1.9988763332366943,2.120370715856552,1.4980415999889374,1.9528728723526
R2,tile_0346,2.0970186591148376,2.289287745952606,1.467897742986679,1.8526282906532288
R2,tile_0347,1.980361491441727,2.239550650119781,1.67677104473114,2.0531293749809265
R2,tile_0348,1.7875485122203827,2.2512809932231903,1.5798409283161163,1.9940996170043943
R2,tile_0349,1.9922113418579104,2.283580005168915,1.594095379114151,2.002101242542267
R2,tile_0350,1.960624307394028,2.338778078556061,1.609780192375183,2.0755228400230408
R2,tile_0351,1.7669275403022766,2.3010332882404327,1.49021178483963,1.843193620443344
R2,tile_0352,1.8260791897773745,2.284640371799469,1.6951541602611542,2.05329030752182
R2,tile_0353,1.7937780916690826,2.285844534635544,1.5117411315441132,2.122813165187836
R2,tile_0354,1.8008282780647278,2.246253341436386,1.5240049362182615,2.022203505039215
R2,tile_0355,1.9792166352272036,2.233477383852005,1.491224765777588,1.9646009802818296
R2,tile_0356,1.8716171383857727,2.212078422307968,1.7882418632507324,2.1067285537719727
R2,tile_0357,1.8412528932094572,2.079373002052307,1.661009043455124,2.004213184118271
R2,tile_0358,2.00122594833374,2.2649604082107544,1.7607790231704712,1.943061649799347
R2,tile_0359,1.8686211109161377,2.3297400772571564,1.458806395530701,1.6854673624038696
R2,tile_0360,1.9692926108837128,2.2610031068325043,1.6739141941070557,2.0200391113758087
R2,tile_0361,2.0465782284736638,2.2138550877571106,1.2394876778125763,1.7631106078624723
R2,tile_0362,2.0114901661872864,2.2227346897125244,1.5944868326187134,1.9733329117298128
R2,tile_0363,1.8716545403003693,2.311463952064514,1.1216922104358673,1.8483813107013705
R2,tile_0364,1.981791704893112,2.257011830806732,1.5294881165027618,1.9946281611919403
R2,tile_0365,2.0137974619865417,2.2221311926841736,1.4284572005271912,1.8974067270755768
R2,tile_0366,1.945073902606964,2.2956418991088867,1.5550975501537323,2.016446888446808
R2,tile_0367,2.163057625293732,2.343137562274933,1.472802311182022,2.056536227464676
R2,tile_0368,1.9407758116722107,2.3012593388557434,1.6140174865722656,1.9838085770606997
R2,tile_0369,1.8440797924995425,2.178618013858795,1.6788242757320404,2.1036744117736816
R2,tile_0370,1.667783409357071,2.398817241191864,1.7664271593093872,2.1685266494750977
R2,tile_0371,1.8431375920772552,2.2211910784244537,1.6531255841255188,1.921422779560089
R2,tile_0372,2.008589655160904,2.210509479045868,1.6532690823078156,2.0562294125556946
R2,tile_0373,1.8869775533676147,2.1287718415260315,1.7367449402809143,2.0518624782562256
R2,tile_0374,1.905964314937592,2.243519574403763,1.4814341068267822,1.823461651802063
R2,tile_0375,1.7437297105789185,2.129502445459366,1.3300701975822449,1.8013645708560944
R2,tile_0376,1.7961928248405457,2.379428744316101,1.7079843580722809,2.0516447722911835
R2,tile_0377,1.7287328839302063,2.3700085282325745,1.3642789423465729,2.002728283405304
